temp,hum,windspeed,cnt
0.16,0.43,0.3881,88
0.18,0.43,0.2537,44
0.2,0.4,0.3284,51
0.22,0.35,0.2985,61
0.24,0.35,0.2836,61
0.26,0.3,0.2836,77
0.26,0.3,0.2537,72
0.26,0.3,0.2537,76
0.24,0.3,0.2239,157
0.16,0.64,0.2239,100
0.16,0.69,0.3284,42
0.22,0.51,0.2985,57
0.22,0.51,0.1642,78
0.24,0.56,0.19399999999999998,97
0.26,0.52,0.2239,63
0.28,0.52,0.2537,65
0.3,0.49,0.2537,83
0.28,0.48,0.2239,212
0.22,0.37,0.3284,115
0.22,0.37,0.3284,57
0.26,0.33,0.3284,46
0.26,0.33,0.3284,79
0.28,0.3,0.2985,71
0.3,0.28,0.19399999999999998,62
0.3,0.28,0.19399999999999998,62
0.3,0.28,0.0896,89
0.24,0.38,0.19399999999999998,190
0.18,0.51,0.0,122
0.2,0.47,0.0,45
0.22,0.44,0.0896,59
0.26,0.35,0.0,84
0.26,0.35,0.1045,67
0.28,0.36,0.1642,70
0.28,0.36,0.0,62
0.26,0.38,0.1642,86
0.22,0.51,0.1642,172
0.2,0.47,0.2985,134
0.22,0.37,0.3284,63
0.2,0.4,0.2239,67
0.2,0.37,0.2537,59
0.2,0.37,0.2836,73
0.2,0.4,0.2537,50
0.2,0.37,0.1642,72
0.2,0.37,0.1642,87
0.2,0.37,0.0,187
0.14,0.5,0.2537,94
0.14,0.5,0.2985,31
0.16,0.47,0.2836,30
0.2,0.4,0.2836,52
0.2,0.4,0.2836,54
0.2,0.4,0.2239,47
0.2,0.4,0.2239,45
0.2,0.4,0.1343,74
0.2,0.4,0.1045,178
0.18,0.51,0.1642,130
0.2,0.51,0.1642,54
0.2,0.47,0.1343,35
0.2,0.51,0.1045,57
0.2,0.59,0.0896,52
0.2,0.59,0.0896,63
0.16,0.8,0.0896,47
0.16,0.86,0.2239,76
0.16,0.86,0.2239,136
0.16,0.59,0.3284,81
0.18,0.55,0.2239,39
0.2,0.51,0.3881,35
0.2,0.47,0.5821,55
0.22,0.44,0.3582,49
0.2,0.47,0.3284,44
0.2,0.47,0.4179,49
0.22,0.44,0.3284,68
0.2,0.47,0.3582,139
0.14,0.5,0.3284,139
0.16,0.5,0.3582,38
0.2,0.44,0.4478,37
0.2,0.44,0.4179,52
0.22,0.41,0.4478,83
0.22,0.41,0.3881,42
0.24,0.38,0.2985,60
0.24,0.38,0.3582,78
0.2,0.4,0.2836,162
0.14,0.69,0.1343,117
0.18,0.55,0.19399999999999998,44
0.18,0.51,0.2836,53
0.2,0.44,0.2537,61
0.22,0.37,0.3881,77
0.22,0.41,0.2836,64
0.24,0.38,0.1642,68
0.22,0.41,0.1045,90
0.22,0.41,0.1642,159
0.2,0.86,0.3284,3
0.2,0.86,0.2239,22
0.22,0.8,0.1642,28
0.22,0.87,0.1642,35
0.22,0.87,0.19399999999999998,61
0.22,0.82,0.19399999999999998,125
0.24,0.93,0.1045,109
0.26,0.93,0.1343,47
0.28,0.87,0.0896,52
0.3,0.81,0.0896,70
0.4,0.62,0.2836,78
0.4,0.58,0.2537,75
0.4,0.54,0.2836,82
0.38,0.58,0.3881,104
0.36,0.57,0.3284,197
0.24,0.52,0.2239,143
0.26,0.48,0.2985,57
0.28,0.45,0.1642,68
0.3,0.42,0.0,84
0.28,0.45,0.1045,98
0.3,0.45,0.1343,81
0.32,0.45,0.19399999999999998,70
0.3,0.49,0.1343,91
0.3,0.49,0.1045,215
0.2,0.51,0.3582,166
0.2,0.47,0.4627,63
0.22,0.41,0.4627,59
0.22,0.27,0.5821,78
0.2,0.21,0.5821,73
0.2,0.25,0.5224,62
0.16,0.26,0.4478,65
0.16,0.26,0.3582,97
0.14,0.28,0.3582,161
0.06,0.41,0.0,102
0.1,0.42,0.0,40
0.1,0.46,0.1343,46
0.12,0.42,0.19399999999999998,63
0.14,0.43,0.2239,60
0.14,0.46,0.2239,45
0.16,0.4,0.1642,57
0.16,0.47,0.2537,70
0.14,0.5,0.2537,184
0.2,0.64,0.0896,144
0.22,0.6,0.1045,55
0.24,0.6,0.1343,61
0.26,0.56,0.0896,106
0.26,0.56,0.1343,93
0.3,0.45,0.0,68
0.32,0.42,0.0,84
0.32,0.42,0.0,116
0.3,0.45,0.0,222
0.22,0.87,0.2985,58
0.22,0.93,0.2836,28
0.22,0.93,0.3284,41
0.22,0.93,0.3284,48
0.22,0.93,0.3284,47
0.22,0.93,0.3582,36
0.22,0.93,0.4627,43
0.22,0.93,0.3284,36
0.2,0.93,0.3582,26
0.22,0.55,0.19399999999999998,24
0.22,0.55,0.1045,84
0.18,0.86,0.0896,101
0.18,0.86,0.1045,49
0.18,0.93,0.1045,30
0.18,0.93,0.1045,29
0.18,0.93,0.1045,31
0.22,0.8,0.0,38
0.2,0.86,0.0,41
0.22,0.8,0.0,80
0.24,0.75,0.1343,149
0.16,0.59,0.2985,112
0.16,0.59,0.19399999999999998,69
0.16,0.59,0.19399999999999998,48
0.18,0.55,0.1045,68
0.16,0.59,0.0,54
0.18,0.55,0.1343,86
0.16,0.59,0.1343,44
0.16,0.56,0.19399999999999998,86
0.16,0.59,0.19399999999999998,161
0.16,0.93,0.0,116
0.16,0.93,0.0,47
0.18,0.86,0.0,51
0.2,0.86,0.0,55
0.2,0.86,0.0,52
0.22,0.8,0.0896,54
0.24,0.75,0.0,52
0.24,0.75,0.1343,64
0.24,0.75,0.0,176
0.24,0.93,0.0896,123
0.22,1.0,0.0,61
0.24,0.93,0.19399999999999998,52
0.24,0.93,0.2239,64
0.34,0.93,0.1642,75
0.38,0.82,0.3881,63
0.38,0.76,0.3284,76
0.36,0.71,0.2985,103
0.36,0.53,0.5224,190
0.16,0.47,0.2985,133
0.18,0.43,0.3284,52
0.18,0.43,0.4478,64
0.2,0.4,0.3582,69
0.2,0.4,0.4179,51
0.22,0.37,0.3881,47
0.22,0.37,0.3284,60
0.22,0.37,0.2537,78
0.2,0.4,0.19399999999999998,175
0.16,0.8,0.1343,127
0.2,0.51,0.1343,51
0.22,0.51,0.1642,64
0.24,0.48,0.1642,86
0.26,0.5,0.2239,82
0.28,0.45,0.1642,91
0.28,0.48,0.2537,90
0.3,0.42,0.2239,99
0.26,0.56,0.1343,205
0.22,0.8,0.0,118
0.24,0.75,0.1045,55
0.3,0.65,0.0896,47
0.32,0.62,0.0,66
0.36,0.57,0.0896,64
0.36,0.57,0.0896,60
0.38,0.54,0.0896,50
0.36,0.57,0.1343,114
0.32,0.7,0.1642,216
0.24,0.52,0.4925,135
0.22,0.47,0.5522,48
0.22,0.47,0.4627,50
0.24,0.38,0.4925,65
0.24,0.32,0.4478,50
0.22,0.37,0.4179,64
0.22,0.35,0.3881,51
0.22,0.35,0.5224,83
0.22,0.32,0.5821,176
0.12,0.39,0.1642,123
0.14,0.36,0.0,59
0.14,0.43,0.1642,41
0.18,0.4,0.2239,61
0.18,0.4,0.2537,69
0.2,0.34,0.2985,58
0.2,0.34,0.2836,64
0.2,0.37,0.2537,79
0.2,0.34,0.2537,166
0.12,0.42,0.3582,122
0.12,0.42,0.2985,35
0.14,0.39,0.3582,45
0.16,0.34,0.3881,69
0.18,0.29,0.2985,62
0.2,0.27,0.2836,48
0.2,0.25,0.2537,50
0.2,0.27,0.2985,80
0.18,0.26,0.19399999999999998,165
0.12,0.74,0.2239,140
0.14,0.69,0.19399999999999998,44
0.22,0.47,0.1343,64
0.22,0.47,0.1343,71
0.24,0.35,0.19399999999999998,110
0.3,0.26,0.2537,84
0.32,0.21,0.1642,74
0.3,0.28,0.19399999999999998,125
0.3,0.24,0.0,211
0.4,0.37,0.3881,130
0.44,0.33,0.2239,55
0.52,0.23,0.2537,53
0.56,0.22,0.4478,126
0.58,0.19,0.3881,120
0.6,0.15,0.4925,90
0.56,0.21,0.6567,90
0.52,0.27,0.4627,118
0.46,0.33,0.6119,243
0.22,0.29,0.4478,110
0.24,0.27,0.2836,52
0.26,0.25,0.2537,57
0.28,0.24,0.2537,71
0.32,0.21,0.2239,82
0.34,0.19,0.2239,79
0.34,0.19,0.1642,85
0.34,0.19,0.2537,98
0.32,0.22,0.2239,206
0.24,0.52,0.2836,124
0.26,0.41,0.3881,69
0.34,0.34,0.2985,66
0.38,0.32,0.3284,86
0.42,0.3,0.3582,93
0.46,0.28,0.4179,82
0.46,0.28,0.4179,117
0.46,0.31,0.3881,122
0.46,0.28,0.2836,255
0.36,0.57,0.19399999999999998,179
0.38,0.54,0.19399999999999998,88
0.44,0.44,0.2537,90
0.48,0.41,0.2239,101
0.54,0.34,0.2239,123
0.6,0.31,0.2239,81
0.6,0.28,0.2537,106
0.56,0.35,0.2985,146
0.58,0.32,0.2985,274
0.42,0.77,0.19399999999999998,169
0.44,0.72,0.2239,95
0.44,0.72,0.1642,113
0.5,0.59,0.19399999999999998,185
0.6,0.43,0.19399999999999998,176
0.66,0.36,0.2985,191
0.66,0.36,0.3284,172
0.66,0.36,0.2836,232
0.66,0.34,0.3582,327
0.14,0.74,0.2537,106
0.16,0.69,0.0,44
0.16,0.64,0.0,50
0.2,0.59,0.1045,55
0.22,0.55,0.1642,55
0.22,0.55,0.19399999999999998,58
0.24,0.48,0.19399999999999998,69
0.22,0.51,0.1642,86
0.22,0.51,0.2239,196
0.18,0.51,0.0896,139
0.2,0.4,0.0,51
0.24,0.41,0.1045,69
0.26,0.35,0.0896,67
0.3,0.28,0.0896,87
0.32,0.29,0.1045,78
0.34,0.25,0.0896,72
0.34,0.25,0.0,94
0.34,0.25,0.0896,222
0.24,0.75,0.2985,137
0.26,0.7,0.2836,57
0.32,0.57,0.3881,79
0.36,0.53,0.3582,95
0.38,0.54,0.2985,88
0.4,0.5,0.2985,69
0.4,0.54,0.3881,63
0.38,0.62,0.2836,71
0.36,0.66,0.19399999999999998,177
0.34,0.93,0.3582,114
0.42,0.94,0.3284,49
0.52,0.77,0.4478,59
0.54,0.6,0.4627,115
0.54,0.6,0.4627,83
0.56,0.56,0.6119,85
0.46,0.41,0.8059999999999999,55
0.32,0.49,0.4627,102
0.32,0.49,0.7463,189
0.42,0.82,0.2836,142
0.52,0.72,0.4925,92
0.56,0.64,0.2985,87
0.56,0.64,0.2985,36
0.46,0.94,0.2239,32
0.42,1.0,0.2985,25
0.42,1.0,0.2985,35
0.42,1.0,0.1343,42
0.4,1.0,0.2985,79
0.22,0.55,0.4179,124
0.24,0.52,0.2836,68
0.28,0.45,0.2537,56
0.3,0.39,0.1343,86
0.32,0.39,0.0,78
0.32,0.36,0.1343,79
0.34,0.34,0.0,64
0.34,0.34,0.0896,102
0.34,0.34,0.0896,242
0.28,0.56,0.2985,148
0.32,0.49,0.2836,76
0.34,0.53,0.3284,73
0.4,0.43,0.19399999999999998,82
0.5,0.25,0.0,125
0.52,0.23,0.2985,96
0.54,0.19,0.4179,110
0.54,0.19,0.3284,139
0.5,0.23,0.2836,268
0.16,0.37,0.2836,145
0.18,0.29,0.19399999999999998,56
0.2,0.29,0.0896,50
0.22,0.25,0.1343,72
0.22,0.25,0.0896,80
0.24,0.21,0.1045,78
0.24,0.23,0.0,68
0.26,0.23,0.0,71
0.26,0.22,0.0,202
0.22,0.6,0.1343,150
0.24,0.6,0.2537,66
0.28,0.52,0.2239,89
0.32,0.43,0.1642,97
0.34,0.42,0.2239,87
0.36,0.4,0.2836,95
0.36,0.4,0.2985,106
0.36,0.46,0.19399999999999998,118
0.36,0.5,0.2537,228
0.22,0.64,0.4627,134
0.24,0.6,0.2985,58
0.26,0.48,0.4478,60
0.3,0.42,0.4179,96
0.32,0.36,0.3881,70
0.32,0.36,0.4179,77
0.34,0.31,0.3881,96
0.34,0.31,0.3582,122
0.34,0.29,0.3582,233
0.26,0.41,0.1642,151
0.3,0.33,0.19399999999999998,71
0.36,0.25,0.1642,78
0.36,0.23,0.0,99
0.38,0.25,0.1045,98
0.38,0.2,0.0,72
0.36,0.18,0.0,112
0.38,0.27,0.1642,108
0.36,0.27,0.2239,248
0.26,0.87,0.2537,141
0.3,0.75,0.2537,57
0.32,0.76,0.3881,59
0.32,0.76,0.2537,98
0.32,0.76,0.3582,99
0.34,0.76,0.2985,71
0.36,0.71,0.2985,79
0.34,0.76,0.3284,112
0.34,0.76,0.2985,194
0.4,0.0,0.2239,24
0.4,0.0,0.1642,17
0.4,0.0,0.2537,11
0.42,0.0,0.2239,34
0.42,0.0,0.2239,12
0.44,0.0,0.2985,12
0.44,0.0,0.2239,14
0.42,0.0,0.2537,21
0.44,0.0,0.3881,111
0.3,0.61,0.2836,156
0.32,0.57,0.2985,78
0.32,0.57,0.2985,81
0.34,0.53,0.2537,111
0.36,0.53,0.2537,107
0.36,0.5,0.3582,89
0.34,0.53,0.2537,85
0.34,0.49,0.2985,113
0.34,0.49,0.2239,223
0.32,0.53,0.3284,140
0.34,0.42,0.2537,84
0.36,0.4,0.2537,71
0.38,0.37,0.0,94
0.38,0.36,0.3284,75
0.38,0.34,0.0,79
0.38,0.37,0.1642,101
0.4,0.35,0.1045,107
0.38,0.4,0.19399999999999998,271
0.3,0.7,0.0,157
0.32,0.66,0.19399999999999998,78
0.34,0.57,0.2239,78
0.36,0.5,0.2239,102
0.36,0.57,0.2836,97
0.38,0.46,0.2985,88
0.38,0.43,0.2836,90
0.38,0.46,0.3284,114
0.36,0.62,0.19399999999999998,217
0.32,0.93,0.1343,154
0.36,0.81,0.1642,68
0.36,0.81,0.1343,75
0.4,0.71,0.1045,88
0.4,0.76,0.1343,99
0.4,0.76,0.2239,100
0.4,0.76,0.2537,101
0.4,0.76,0.1642,151
0.44,0.54,0.2985,253
0.4,0.62,0.2537,185
0.44,0.54,0.3284,78
0.44,0.54,0.2836,86
0.5,0.45,0.2239,105
0.52,0.42,0.0896,111
0.5,0.45,0.1045,119
0.52,0.42,0.2537,125
0.5,0.48,0.2836,142
0.5,0.42,0.19399999999999998,313
0.46,0.63,0.2239,210
0.52,0.53,0.2836,117
0.54,0.52,0.2836,159
0.56,0.49,0.3582,195
0.64,0.41,0.2836,175
0.66,0.39,0.2537,174
0.68,0.39,0.3582,173
0.68,0.39,0.2836,204
0.7,0.37,0.3284,332
0.34,0.81,0.3284,127
0.38,0.76,0.3881,62
0.42,0.71,0.2985,79
0.44,0.77,0.2537,81
0.5,0.63,0.2239,112
0.54,0.64,0.2239,101
0.56,0.6,0.2239,107
0.54,0.64,0.2836,141
0.54,0.64,0.2537,272
0.4,0.58,0.4627,178
0.44,0.54,0.2985,124
0.44,0.51,0.3284,86
0.46,0.47,0.2537,121
0.5,0.45,0.2239,106
0.5,0.42,0.3284,101
0.5,0.42,0.2239,134
0.5,0.42,0.1045,165
0.5,0.42,0.1045,307
0.32,0.81,0.2537,182
0.34,0.81,0.2836,75
0.34,0.87,0.19399999999999998,71
0.34,0.87,0.2239,87
0.34,0.87,0.1343,108
0.36,0.87,0.1045,84
0.38,0.82,0.2239,85
0.4,0.76,0.2239,136
0.4,0.76,0.2239,273
0.26,0.93,0.2239,97
0.26,0.93,0.3284,65
0.3,0.81,0.2985,71
0.3,0.7,0.3284,94
0.32,0.7,0.2239,101
0.3,0.7,0.1343,83
0.3,0.7,0.2537,90
0.3,0.65,0.2239,84
0.3,0.7,0.2239,233
0.24,0.48,0.2985,166
0.26,0.48,0.0,68
0.3,0.45,0.2836,75
0.32,0.42,0.2537,145
0.32,0.39,0.19399999999999998,138
0.36,0.32,0.3284,133
0.34,0.36,0.2537,122
0.34,0.34,0.2985,150
0.32,0.36,0.3582,225
0.22,0.32,0.2239,121
0.24,0.3,0.19399999999999998,69
0.26,0.3,0.2836,57
0.26,0.25,0.0,79
0.3,0.24,0.2239,83
0.32,0.22,0.2239,80
0.32,0.24,0.2836,72
0.34,0.23,0.2239,132
0.34,0.23,0.2985,252
0.28,0.28,0.3881,172
0.3,0.24,0.2985,59
0.34,0.25,0.3881,81
0.34,0.25,0.1642,106
0.34,0.25,0.2985,104
0.36,0.25,0.2537,86
0.38,0.25,0.2239,87
0.38,0.22,0.1642,136
0.4,0.2,0.1343,299
0.32,0.45,0.2239,154
0.34,0.46,0.2239,64
0.34,0.46,0.2537,90
0.34,0.46,0.1642,80
0.36,0.46,0.2239,98
0.36,0.46,0.2985,80
0.28,0.81,0.2985,70
0.28,0.87,0.2537,36
0.26,0.93,0.1045,116
0.26,0.93,0.2537,132
0.26,0.93,0.2537,69
0.28,0.93,0.19399999999999998,58
0.28,0.93,0.19399999999999998,90
0.3,0.87,0.1343,68
0.3,0.87,0.1343,76
0.3,0.87,0.2985,65
0.3,0.87,0.2537,85
0.3,0.87,0.2537,168
0.32,0.7,0.3582,173
0.32,0.66,0.2836,75
0.32,0.61,0.3582,89
0.34,0.53,0.3582,95
0.36,0.5,0.3582,110
0.36,0.46,0.3582,87
0.34,0.46,0.4179,111
0.34,0.46,0.4179,167
0.34,0.46,0.3284,281
0.5,0.51,0.3881,158
0.54,0.45,0.3582,90
0.6,0.4,0.3881,124
0.64,0.36,0.4627,157
0.68,0.34,0.3284,139
0.74,0.27,0.4925,123
0.76,0.23,0.5522,143
0.76,0.22,0.5224,189
0.74,0.23,0.6119,366
0.36,0.87,0.4925,46
0.34,0.81,0.3881,28
0.32,0.81,0.4478,19
0.34,0.71,0.3881,38
0.36,0.63,0.4179,56
0.36,0.57,0.4925,76
0.4,0.46,0.4627,68
0.38,0.46,0.4179,130
0.42,0.38,0.4179,273
0.36,0.46,0.2537,165
0.4,0.37,0.3881,69
0.42,0.38,0.3881,93
0.44,0.41,0.2537,134
0.46,0.38,0.4925,112
0.5,0.34,0.4179,115
0.52,0.32,0.3284,117
0.54,0.28,0.4179,169
0.52,0.32,0.4478,356
0.4,0.66,0.1343,170
0.42,0.67,0.1045,95
0.46,0.55,0.0,122
0.46,0.55,0.0,153
0.52,0.48,0.0896,135
0.56,0.43,0.0896,157
0.6,0.38,0.1045,160
0.6,0.35,0.0,213
0.52,0.52,0.2836,343
0.36,0.76,0.19399999999999998,185
0.36,0.71,0.2836,73
0.4,0.62,0.3881,98
0.38,0.66,0.2239,80
0.36,0.76,0.2836,42
0.34,0.87,0.2239,15
0.34,0.87,0.2239,25
0.32,0.93,0.2537,60
0.32,0.93,0.2537,148
0.56,0.83,0.2836,165
0.56,0.83,0.2985,96
0.6,0.73,0.2985,104
0.6,0.73,0.3284,134
0.64,0.69,0.4179,139
0.72,0.54,0.3582,145
0.74,0.48,0.5224,141
0.74,0.48,0.5224,235
0.74,0.48,0.5224,452
0.46,0.94,0.4925,54
0.5,0.82,0.4179,40
0.52,0.77,0.3582,49
0.56,0.64,0.4627,92
0.54,0.68,0.2836,106
0.5,0.82,0.2836,44
0.48,0.77,0.5224,78
0.48,0.77,0.3881,99
0.44,0.77,0.2239,291
0.38,0.94,0.2239,65
0.4,0.87,0.19399999999999998,46
0.42,0.82,0.19399999999999998,61
0.42,0.82,0.2537,95
0.44,0.77,0.19399999999999998,61
0.42,0.77,0.2537,106
0.44,0.72,0.2836,81
0.46,0.67,0.2836,142
0.46,0.67,0.2985,309
0.46,0.51,0.1343,170
0.5,0.51,0.19399999999999998,89
0.52,0.45,0.1642,115
0.54,0.42,0.1343,145
0.56,0.37,0.2239,159
0.56,0.35,0.0896,137
0.6,0.31,0.0896,142
0.6,0.26,0.1045,202
0.6,0.28,0.0,388
0.5,0.55,0.1045,169
0.52,0.55,0.1045,109
0.54,0.52,0.0896,123
0.56,0.49,0.0896,184
0.56,0.49,0.1642,169
0.58,0.49,0.19399999999999998,144
0.6,0.43,0.19399999999999998,176
0.6,0.46,0.2836,205
0.58,0.49,0.2836,428
0.52,0.63,0.0896,162
0.5,0.72,0.2239,75
0.54,0.68,0.1642,72
0.54,0.64,0.0896,103
0.54,0.68,0.2239,129
0.54,0.64,0.19399999999999998,107
0.54,0.65,0.1642,127
0.56,0.52,0.2985,192
0.56,0.6,0.1045,411
0.66,0.61,0.2836,197
0.62,0.69,0.0896,131
0.62,0.69,0.0896,118
0.7,0.48,0.3881,145
0.7,0.48,0.3881,177
0.74,0.4,0.4627,148
0.76,0.35,0.3582,145
0.76,0.35,0.3582,255
0.74,0.37,0.4179,432
0.42,0.47,0.2836,196
0.42,0.44,0.3582,98
0.44,0.41,0.2836,133
0.46,0.38,0.1642,199
0.48,0.33,0.3284,177
0.5,0.34,0.3881,228
0.52,0.29,0.4179,235
0.52,0.27,0.3582,294
0.5,0.29,0.1642,481
0.34,0.61,0.2985,195
0.36,0.62,0.19399999999999998,136
0.34,0.66,0.19399999999999998,106
0.34,0.76,0.1343,80
0.34,0.87,0.19399999999999998,40
0.34,0.87,0.2537,36
0.34,0.87,0.19399999999999998,75
0.34,0.87,0.1343,62
0.32,0.93,0.2239,69
0.6,0.83,0.1343,174
0.64,0.73,0.2239,125
0.64,0.73,0.2239,147
0.66,0.74,0.2537,188
0.7,0.65,0.2239,203
0.72,0.54,0.2239,146
0.74,0.51,0.2239,175
0.7,0.54,0.3582,239
0.7,0.54,0.2985,521
0.64,0.73,0.3582,199
0.66,0.69,0.3582,120
0.68,0.65,0.3881,172
0.7,0.61,0.4179,186
0.74,0.51,0.4478,176
0.72,0.58,0.3284,155
0.7,0.61,0.3582,153
0.7,0.58,0.3881,291
0.68,0.61,0.3582,521
0.6,0.88,0.4179,181
0.62,0.83,0.2836,92
0.64,0.78,0.2836,156
0.66,0.78,0.3284,173
0.64,0.78,0.2985,150
0.68,0.74,0.2836,148
0.7,0.65,0.4925,138
0.7,0.7,0.3881,218
0.66,0.83,0.3881,521
0.62,0.88,0.3284,183
0.62,0.88,0.2836,54
0.62,0.83,0.2836,84
0.62,0.78,0.2537,107
0.62,0.83,0.2985,121
0.62,0.83,0.2985,142
0.66,0.69,0.3284,163
0.62,0.78,0.2537,270
0.64,0.47,0.3582,455
0.54,0.39,0.3284,230
0.56,0.4,0.2836,156
0.6,0.38,0.2239,157
0.56,0.37,0.2836,223
0.56,0.37,0.2985,308
0.6,0.35,0.3284,248
0.56,0.4,0.2985,252
0.54,0.42,0.3582,299
0.52,0.45,0.3881,508
0.5,0.77,0.2836,172
0.54,0.77,0.2239,108
0.58,0.73,0.2985,130
0.62,0.69,0.2239,187
0.62,0.69,0.19399999999999998,170
0.64,0.69,0.2239,181
0.66,0.61,0.19399999999999998,155
0.66,0.61,0.2239,269
0.66,0.65,0.19399999999999998,537
0.6,0.78,0.3582,186
0.64,0.69,0.3582,127
0.66,0.65,0.3284,140
0.68,0.61,0.4925,217
0.7,0.58,0.6119,194
0.7,0.58,0.5224,158
0.7,0.58,0.4478,154
0.72,0.54,0.4627,271
0.7,0.54,0.4627,517
0.34,0.93,0.3582,40
0.34,0.93,0.2836,31
0.4,0.82,0.3284,72
0.44,0.62,0.3582,124
0.46,0.59,0.4478,143
0.5,0.51,0.3881,107
0.48,0.51,0.4179,129
0.5,0.45,0.4627,195
0.4,0.71,0.2537,410
0.46,0.44,0.2836,184
0.5,0.39,0.2836,128
0.52,0.36,0.4478,148
0.52,0.34,0.3582,196
0.54,0.3,0.5821,192
0.54,0.28,0.4478,154
0.56,0.26,0.4925,147
0.58,0.24,0.4179,269
0.56,0.26,0.3881,533
0.46,0.67,0.2836,188
0.54,0.49,0.3284,127
0.54,0.49,0.3284,165
0.56,0.49,0.3582,246
0.58,0.4,0.3284,253
0.6,0.4,0.4478,213
0.6,0.38,0.3881,260
0.6,0.4,0.2537,344
0.58,0.4,0.3582,553
0.54,0.56,0.1642,178
0.56,0.52,0.19399999999999998,119
0.6,0.46,0.2239,125
0.6,0.43,0.19399999999999998,195
0.62,0.38,0.2836,174
0.62,0.41,0.2239,162
0.62,0.41,0.2239,199
0.64,0.38,0.2239,304
0.62,0.38,0.2537,598
0.52,0.48,0.1045,205
0.56,0.37,0.0896,127
0.56,0.43,0.1343,125
0.6,0.38,0.0,217
0.62,0.38,0.2537,202
0.62,0.33,0.0,176
0.64,0.33,0.0896,180
0.66,0.31,0.1045,327
0.64,0.33,0.0,611
0.52,0.72,0.1343,203
0.54,0.68,0.0896,154
0.56,0.64,0.0896,141
0.6,0.56,0.0,226
0.62,0.5,0.0,193
0.62,0.53,0.0896,177
0.64,0.41,0.0,179
0.66,0.39,0.0,289
0.64,0.47,0.1045,259
0.5,0.77,0.2836,212
0.54,0.68,0.2239,147
0.58,0.6,0.2239,179
0.58,0.6,0.2239,207
0.62,0.57,0.2985,218
0.62,0.61,0.2239,191
0.64,0.53,0.2537,217
0.64,0.57,0.2537,288
0.64,0.57,0.19399999999999998,594
0.5,0.88,0.19399999999999998,233
0.52,0.83,0.1343,130
0.52,0.83,0.1642,146
0.52,0.88,0.19399999999999998,223
0.52,0.88,0.3881,226
0.52,0.87,0.2836,190
0.52,0.88,0.1642,198
0.52,0.88,0.1343,300
0.52,0.88,0.1642,491
0.6,0.69,0.19399999999999998,194
0.62,0.65,0.0896,112
0.64,0.57,0.0,185
0.66,0.54,0.0896,209
0.68,0.51,0.0,214
0.68,0.51,0.0,193
0.72,0.51,0.0,165
0.6,0.78,0.2537,226
0.58,0.88,0.2239,274
0.54,0.88,0.2537,207
0.54,0.88,0.2537,104
0.56,0.83,0.4179,130
0.56,0.83,0.4179,153
0.56,0.88,0.3284,172
0.62,0.73,0.4627,184
0.62,0.69,0.4478,210
0.62,0.61,0.3284,290
0.62,0.65,0.4179,604
0.56,0.83,0.2537,202
0.54,0.88,0.2836,106
0.54,0.94,0.0896,23
0.56,0.94,0.2985,54
0.56,0.83,0.3284,122
0.58,0.78,0.2836,138
0.6,0.78,0.2537,167
0.6,0.73,0.19399999999999998,294
0.6,0.69,0.1343,565
0.54,0.88,0.0896,216
0.54,0.83,0.0,130
0.54,0.88,0.1642,164
0.58,0.78,0.1045,168
0.58,0.64,0.2537,183
0.54,0.73,0.19399999999999998,180
0.56,0.78,0.1642,188
0.58,0.64,0.19399999999999998,302
0.56,0.78,0.1642,547
0.54,0.68,0.2239,234
0.56,0.64,0.19399999999999998,148
0.58,0.6,0.19399999999999998,196
0.6,0.56,0.2537,255
0.6,0.56,0.2836,232
0.62,0.53,0.2239,197
0.6,0.56,0.19399999999999998,242
0.6,0.53,0.1642,330
0.62,0.53,0.0,554
0.6,0.88,0.2239,167
0.66,0.74,0.2985,121
0.68,0.69,0.3881,180
0.68,0.69,0.3881,204
0.74,0.58,0.4179,204
0.72,0.62,0.5224,187
0.72,0.62,0.4478,176
0.72,0.62,0.2985,279
0.72,0.7,0.3881,429
0.64,0.73,0.19399999999999998,138
0.7,0.61,0.3284,108
0.74,0.51,0.2239,175
0.76,0.45,0.3881,170
0.78,0.46,0.2537,190
0.78,0.46,0.2836,153
0.74,0.55,0.4179,188
0.66,0.69,0.19399999999999998,277
0.7,0.61,0.1045,548
0.68,0.65,0.0896,234
0.7,0.61,0.0896,135
0.74,0.51,0.0896,140
0.74,0.55,0.1343,210
0.74,0.55,0.1343,202
0.74,0.55,0.1642,168
0.76,0.52,0.2537,182
0.74,0.51,0.2836,299
0.74,0.51,0.2239,601
0.72,0.7,0.1642,216
0.7,0.74,0.2836,143
0.74,0.66,0.2239,160
0.78,0.59,0.3284,194
0.82,0.52,0.2836,197
0.82,0.52,0.2836,189
0.82,0.46,0.2836,141
0.8,0.49,0.3582,291
0.8,0.46,0.2836,494
0.7,0.65,0.2836,227
0.72,0.54,0.3881,153
0.74,0.55,0.3284,166
0.76,0.55,0.2985,243
0.74,0.58,0.19399999999999998,209
0.76,0.55,0.2537,239
0.78,0.49,0.2836,356
0.76,0.55,0.3881,419
0.74,0.58,0.3881,491
0.8,0.55,0.1343,175
0.82,0.56,0.1343,109
0.86,0.47,0.0,106
0.86,0.47,0.1343,162
0.9,0.39,0.1642,147
0.9,0.37,0.0,140
0.9,0.37,0.1642,175
0.9,0.39,0.1343,249
0.84,0.53,0.2239,495
0.74,0.74,0.2239,207
0.76,0.75,0.2537,115
0.82,0.59,0.2239,112
0.86,0.53,0.0,169
0.9,0.37,0.19399999999999998,154
0.9,0.37,0.2537,145
0.9,0.39,0.2985,152
0.86,0.47,0.2985,266
0.86,0.47,0.2985,486
0.72,0.26,0.3582,225
0.72,0.28,0.4925,139
0.74,0.28,0.3881,165
0.76,0.25,0.4627,232
0.8,0.24,0.3582,203
0.78,0.24,0.3284,185
0.8,0.21,0.3881,188
0.8,0.22,0.4925,318
0.76,0.2,0.5224,572
0.58,0.4,0.1642,230
0.62,0.33,0.2537,161
0.64,0.31,0.3284,192
0.66,0.27,0.2836,259
0.68,0.26,0.2537,248
0.7,0.28,0.2836,240
0.7,0.28,0.2836,212
0.72,0.26,0.3284,349
0.72,0.25,0.2836,558
0.7,0.58,0.1642,188
0.72,0.51,0.2239,95
0.74,0.42,0.1343,111
0.76,0.37,0.1642,153
0.78,0.35,0.0,180
0.78,0.31,0.1343,145
0.8,0.29,0.19399999999999998,165
0.76,0.33,0.1343,267
0.78,0.33,0.2836,579
0.72,0.58,0.2239,217
0.76,0.48,0.19399999999999998,123
0.76,0.52,0.2537,151
0.8,0.46,0.2836,183
0.8,0.43,0.2537,196
0.8,0.43,0.2836,146
0.82,0.41,0.3284,183
0.8,0.38,0.2239,308
0.8,0.43,0.2537,539
0.76,0.58,0.1642,202
0.82,0.43,0.2239,90
0.84,0.41,0.19399999999999998,134
0.88,0.42,0.1343,149
0.9,0.42,0.0,136
0.92,0.4,0.2537,155
0.92,0.4,0.1642,128
0.92,0.4,0.2239,233
0.92,0.35,0.2239,506
0.84,0.49,0.0,168
0.86,0.5,0.2836,94
0.9,0.42,0.2239,118
0.92,0.35,0.19399999999999998,140
0.9,0.37,0.0896,136
0.92,0.4,0.19399999999999998,118
0.94,0.31,0.1642,104
0.92,0.33,0.1343,200
0.9,0.37,0.2537,409
0.76,0.55,0.0,213
0.78,0.52,0.0,111
0.82,0.46,0.0,153
0.84,0.44,0.1343,207
0.84,0.44,0.1045,189
0.86,0.39,0.0,165
0.84,0.44,0.1045,212
0.82,0.56,0.2985,285
0.82,0.52,0.2239,517
0.62,0.46,0.3582,224
0.64,0.41,0.3284,118
0.66,0.41,0.2985,159
0.66,0.41,0.2836,196
0.7,0.37,0.0,227
0.7,0.34,0.2537,200
0.7,0.37,0.4478,185
0.7,0.37,0.4179,326
0.7,0.39,0.3284,601
0.62,0.46,0.19399999999999998,193
0.62,0.46,0.2239,130
0.64,0.41,0.2836,143
0.64,0.41,0.3582,169
0.64,0.44,0.2239,209
0.64,0.47,0.19399999999999998,159
0.64,0.47,0.1642,178
0.68,0.41,0.19399999999999998,330
0.64,0.5,0.2836,569
0.6,0.49,0.0,207
0.64,0.47,0.1642,135
0.68,0.36,0.0,164
0.7,0.34,0.2239,211
0.74,0.28,0.2836,189
0.74,0.28,0.0,178
0.76,0.27,0.0,164
0.76,0.27,0.1343,312
0.74,0.28,0.1045,638
0.62,0.65,0.19399999999999998,261
0.66,0.61,0.2537,121
0.68,0.61,0.2985,150
0.72,0.54,0.3881,206
0.72,0.54,0.2537,151
0.72,0.54,0.3284,153
0.7,0.61,0.2985,159
0.66,0.69,0.19399999999999998,294
0.64,0.78,0.1045,272
0.7,0.58,0.19399999999999998,224
0.7,0.58,0.19399999999999998,170
0.68,0.69,0.2537,181
0.7,0.65,0.2537,243
0.74,0.62,0.2836,204
0.76,0.52,0.19399999999999998,215
0.78,0.43,0.2239,243
0.76,0.45,0.1642,355
0.76,0.4,0.19399999999999998,552
0.6,0.78,0.2537,219
0.6,0.78,0.2537,91
0.6,0.78,0.1045,94
0.62,0.69,0.1045,162
0.64,0.65,0.1045,179
0.66,0.61,0.1045,175
0.66,0.61,0.1343,205
0.7,0.58,0.1642,299
0.7,0.54,0.0,565
0.62,0.88,0.2537,275
0.64,0.83,0.19399999999999998,161
0.66,0.83,0.1642,171
0.7,0.74,0.1642,189
0.74,0.66,0.1642,207
0.76,0.62,0.2239,152
0.78,0.59,0.2537,170
0.8,0.59,0.2239,335
0.78,0.66,0.2239,572
0.72,0.79,0.1642,219
0.74,0.7,0.2537,135
0.74,0.7,0.1642,145
0.8,0.59,0.2239,188
0.82,0.56,0.2537,147
0.82,0.52,0.2836,145
0.82,0.56,0.2836,146
0.82,0.59,0.3284,258
0.8,0.55,0.3881,529
0.74,0.7,0.1343,227
0.76,0.66,0.1343,127
0.76,0.66,0.2537,136
0.76,0.66,0.2836,160
0.76,0.62,0.2836,186
0.76,0.66,0.2985,149
0.76,0.52,0.3582,189
0.74,0.62,0.2985,275
0.72,0.7,0.3582,569
0.74,0.62,0.1343,231
0.8,0.43,0.2836,145
0.8,0.38,0.3284,203
0.8,0.41,0.2836,201
0.8,0.36,0.2239,221
0.78,0.43,0.2836,229
0.82,0.34,0.3881,216
0.8,0.33,0.4179,327
0.76,0.37,0.2537,557
0.72,0.54,0.0,187
0.72,0.54,0.1343,150
0.7,0.58,0.0,150
0.72,0.54,0.0,170
0.72,0.58,0.2239,164
0.72,0.58,0.0896,158
0.74,0.55,0.0,202
0.74,0.55,0.1045,275
0.74,0.55,0.1343,604
0.74,0.7,0.0,246
0.8,0.49,0.1642,157
0.82,0.46,0.0,167
0.84,0.47,0.2239,202
0.84,0.44,0.0,189
0.86,0.44,0.2239,160
0.86,0.41,0.0,166
0.86,0.47,0.2836,261
0.82,0.56,0.2836,579
0.72,0.45,0.3881,221
0.74,0.42,0.2836,126
0.76,0.35,0.2239,170
0.76,0.35,0.2537,243
0.8,0.31,0.3284,231
0.8,0.31,0.19399999999999998,188
0.82,0.3,0.1642,189
0.82,0.3,0.4179,328
0.82,0.26,0.4179,570
0.7,0.42,0.2239,260
0.72,0.42,0.19399999999999998,132
0.74,0.37,0.1343,169
0.76,0.35,0.1642,233
0.76,0.33,0.19399999999999998,232
0.78,0.31,0.19399999999999998,163
0.78,0.25,0.2537,240
0.8,0.26,0.1343,323
0.78,0.27,0.3582,594
0.74,0.35,0.1642,260
0.76,0.33,0.1642,170
0.8,0.26,0.0,214
0.8,0.26,0.0,263
0.8,0.24,0.0,292
0.82,0.23,0.19399999999999998,303
0.82,0.21,0.2537,381
0.82,0.17,0.0,427
0.82,0.21,0.19399999999999998,461
0.74,0.58,0.1343,227
0.76,0.52,0.1045,139
0.78,0.46,0.1045,172
0.8,0.43,0.1045,201
0.82,0.43,0.1045,203
0.8,0.49,0.1642,178
0.82,0.43,0.0,162
0.82,0.46,0.1045,281
0.82,0.46,0.1045,545
0.7,0.79,0.19399999999999998,189
0.7,0.79,0.0896,43
0.72,0.74,0.0,127
0.74,0.66,0.0896,152
0.74,0.7,0.1045,140
0.76,0.66,0.2836,163
0.76,0.7,0.2836,185
0.76,0.7,0.2537,275
0.78,0.59,0.2239,596
0.74,0.7,0.1642,179
0.78,0.62,0.0,101
0.82,0.52,0.1343,142
0.84,0.41,0.0,171
0.86,0.41,0.0,155
0.86,0.41,0.2537,160
0.86,0.41,0.2537,166
0.86,0.39,0.2239,265
0.86,0.36,0.2537,569
0.76,0.7,0.2985,241
0.74,0.7,0.3582,138
0.74,0.74,0.2537,165
0.76,0.7,0.2836,213
0.78,0.66,0.2836,229
0.8,0.63,0.3582,216
0.8,0.63,0.3582,141
0.68,0.83,0.4478,132
0.66,0.89,0.4478,167
0.78,0.59,0.2985,208
0.8,0.55,0.3582,117
0.82,0.56,0.2985,128
0.84,0.53,0.2836,148
0.86,0.5,0.2537,141
0.86,0.53,0.2836,134
0.86,0.56,0.4179,146
0.86,0.56,0.3881,239
0.86,0.56,0.4179,514
0.78,0.55,0.4925,176
0.82,0.52,0.1642,123
0.82,0.52,0.1642,125
0.86,0.44,0.2985,163
0.86,0.47,0.2239,136
0.9,0.42,0.2985,124
0.9,0.42,0.3582,148
0.86,0.44,0.2836,202
0.88,0.44,0.2836,428
0.82,0.41,0.19399999999999998,186
0.82,0.46,0.19399999999999998,113
0.84,0.39,0.1642,165
0.84,0.41,0.2836,174
0.82,0.46,0.1343,158
0.82,0.46,0.1343,116
0.64,0.94,0.1343,46
0.66,0.89,0.0,141
0.7,0.79,0.0,488
0.68,0.47,0.2836,224
0.7,0.42,0.2537,127
0.72,0.37,0.2239,148
0.74,0.35,0.2537,223
0.76,0.33,0.3284,177
0.74,0.35,0.2836,178
0.76,0.33,0.2985,180
0.76,0.33,0.1343,274
0.74,0.37,0.1343,595
0.68,0.54,0.19399999999999998,207
0.66,0.61,0.1642,166
0.7,0.54,0.1343,210
0.7,0.48,0.19399999999999998,238
0.7,0.54,0.19399999999999998,247
0.7,0.51,0.19399999999999998,265
0.72,0.45,0.1642,237
0.72,0.51,0.19399999999999998,361
0.74,0.42,0.2537,587
0.74,0.67,0.2239,203
0.76,0.62,0.19399999999999998,130
0.8,0.55,0.0896,141
0.8,0.59,0.19399999999999998,165
0.82,0.56,0.2537,152
0.82,0.56,0.3284,138
0.84,0.53,0.3284,164
0.84,0.53,0.2836,265
0.84,0.49,0.3284,545
0.8,0.63,0.1343,199
0.82,0.56,0.1642,141
0.82,0.59,0.0,127
0.84,0.56,0.0896,153
0.86,0.53,0.1045,172
0.86,0.5,0.19399999999999998,152
0.88,0.44,0.19399999999999998,158
0.9,0.42,0.2985,277
0.8,0.66,0.0,513
0.74,0.7,0.0896,209
0.76,0.7,0.0,110
0.8,0.63,0.0896,142
0.82,0.59,0.0,149
0.84,0.56,0.19399999999999998,120
0.86,0.53,0.2239,127
0.86,0.5,0.1642,138
0.84,0.56,0.0,234
0.84,0.59,0.19399999999999998,455
0.8,0.75,0.2537,200
0.82,0.71,0.2239,78
0.86,0.63,0.2985,106
0.88,0.56,0.3284,135
0.88,0.56,0.2985,102
0.9,0.5,0.3582,147
0.9,0.53,0.2537,133
0.92,0.48,0.2836,210
0.92,0.45,0.2985,414
0.86,0.63,0.0896,208
0.9,0.53,0.0896,115
0.9,0.5,0.1045,109
0.94,0.48,0.1642,115
0.94,0.51,0.1642,123
0.96,0.48,0.2985,101
0.94,0.51,0.2985,133
0.9,0.39,0.2985,182
0.88,0.47,0.1045,306
0.8,0.66,0.0,135
0.82,0.59,0.0,84
0.84,0.59,0.19399999999999998,107
0.84,0.59,0.19399999999999998,67
0.74,0.74,0.1343,78
0.72,0.79,0.19399999999999998,90
0.7,0.84,0.3881,112
0.7,0.84,0.2239,198
0.72,0.74,0.0,485
0.76,0.4,0.2239,187
0.8,0.31,0.2239,138
0.82,0.3,0.0,151
0.84,0.28,0.0,147
0.84,0.32,0.2985,182
0.86,0.3,0.2836,147
0.88,0.28,0.3284,163
0.86,0.36,0.2836,254
0.86,0.36,0.3582,537
0.76,0.35,0.2537,216
0.78,0.33,0.0,114
0.8,0.31,0.0,136
0.82,0.3,0.2836,169
0.84,0.3,0.3582,180
0.84,0.28,0.2239,127
0.86,0.26,0.2537,140
0.86,0.25,0.1642,268
0.84,0.26,0.2239,572
0.78,0.59,0.19399999999999998,210
0.8,0.55,0.2836,116
0.84,0.56,0.2836,154
0.84,0.53,0.2537,186
0.86,0.47,0.2537,152
0.84,0.49,0.2537,138
0.86,0.5,0.19399999999999998,146
0.86,0.47,0.1642,256
0.84,0.53,0.19399999999999998,468
0.86,0.47,0.2537,179
0.9,0.42,0.2836,106
0.92,0.4,0.2985,161
0.96,0.31,0.2836,135
0.94,0.31,0.0,156
0.96,0.3,0.2239,148
0.96,0.3,0.2537,169
0.96,0.3,0.3881,233
0.96,0.3,0.2985,421
0.82,0.41,0.0,166
0.86,0.36,0.1642,97
0.88,0.32,0.1642,119
0.9,0.33,0.2537,168
0.9,0.31,0.2985,150
0.92,0.29,0.19399999999999998,123
0.9,0.27,0.0,129
0.9,0.27,0.0,231
0.76,0.45,0.2985,514
0.78,0.46,0.2985,213
0.82,0.36,0.2985,140
0.84,0.32,0.4179,128
0.86,0.3,0.2836,157
0.86,0.3,0.2239,203
0.9,0.25,0.2836,159
0.9,0.25,0.2836,168
0.9,0.25,0.2836,274
0.9,0.27,0.1343,556
0.74,0.55,0.19399999999999998,195
0.74,0.58,0.0896,68
0.74,0.58,0.1045,122
0.76,0.55,0.1343,161
0.76,0.58,0.2239,144
0.76,0.58,0.2239,147
0.7,0.79,0.1343,118
0.68,0.79,0.0,150
0.7,0.79,0.0,425
0.72,0.74,0.3284,187
0.72,0.71,0.2985,113
0.74,0.66,0.2239,149
0.76,0.62,0.2239,205
0.76,0.58,0.0,205
0.8,0.55,0.1642,167
0.8,0.55,0.2537,165
0.76,0.62,0.3284,290
0.76,0.62,0.3284,555
0.72,0.58,0.1045,226
0.74,0.55,0.1343,163
0.76,0.52,0.2537,147
0.76,0.52,0.2537,216
0.78,0.52,0.2537,204
0.78,0.52,0.2537,245
0.76,0.55,0.2537,210
0.8,0.49,0.2537,330
0.78,0.49,0.2985,550
0.76,0.55,0.3881,183
0.8,0.52,0.3881,124
0.82,0.48,0.3582,179
0.82,0.46,0.2537,182
0.84,0.44,0.2985,151
0.82,0.43,0.2985,150
0.84,0.41,0.2985,126
0.86,0.39,0.2836,282
0.86,0.39,0.1642,527
0.78,0.62,0.1343,175
0.8,0.59,0.2239,144
0.8,0.59,0.2239,149
0.82,0.56,0.19399999999999998,185
0.84,0.49,0.1642,175
0.86,0.44,0.2836,148
0.86,0.39,0.2836,164
0.86,0.39,0.2985,285
0.8,0.55,0.1642,532
0.76,0.48,0.2239,180
0.8,0.43,0.2239,113
0.8,0.41,0.3881,149
0.82,0.38,0.2985,240
0.82,0.38,0.2836,191
0.84,0.34,0.3284,178
0.86,0.3,0.3284,194
0.86,0.26,0.2985,282
0.84,0.26,0.2985,584
0.72,0.39,0.2239,197
0.74,0.37,0.2537,132
0.76,0.35,0.2537,187
0.78,0.31,0.2537,214
0.76,0.31,0.2239,217
0.8,0.29,0.0,142
0.8,0.29,0.2985,178
0.8,0.27,0.19399999999999998,298
0.8,0.29,0.2537,582
0.72,0.34,0.1343,205
0.74,0.33,0.1045,130
0.76,0.29,0.0,156
0.8,0.27,0.0,222
0.78,0.29,0.0896,253
0.8,0.29,0.19399999999999998,186
0.8,0.29,0.1642,249
0.82,0.28,0.0,334
0.82,0.26,0.0,516
0.64,0.78,0.3284,222
0.68,0.69,0.2836,141
0.72,0.62,0.2537,153
0.74,0.58,0.2836,178
0.78,0.52,0.2836,193
0.74,0.55,0.0896,151
0.74,0.55,0.2985,182
0.74,0.55,0.3284,283
0.74,0.51,0.2836,530
0.68,0.61,0.2836,198
0.7,0.58,0.3881,111
0.74,0.51,0.2239,150
0.76,0.48,0.3284,162
0.76,0.48,0.2985,192
0.76,0.45,0.4179,182
0.8,0.41,0.2985,159
0.8,0.41,0.2239,303
0.76,0.45,0.3284,600
0.74,0.48,0.0896,209
0.76,0.43,0.0896,118
0.78,0.43,0.1045,128
0.8,0.43,0.2836,189
0.8,0.41,0.19399999999999998,176
0.82,0.36,0.1642,192
0.8,0.43,0.1343,159
0.82,0.43,0.2239,300
0.8,0.49,0.2239,552
0.72,0.66,0.2537,228
0.74,0.66,0.2537,129
0.76,0.58,0.2537,141
0.8,0.52,0.2836,173
0.8,0.52,0.3582,187
0.82,0.46,0.3284,182
0.8,0.46,0.3582,174
0.8,0.46,0.3582,245
0.8,0.46,0.2985,409
0.7,0.65,0.1343,218
0.72,0.62,0.0896,165
0.72,0.66,0.0896,165
0.74,0.62,0.0896,222
0.76,0.62,0.19399999999999998,232
0.78,0.55,0.19399999999999998,220
0.8,0.49,0.1045,222
0.8,0.49,0.0,327
0.76,0.58,0.5224,527
0.68,0.54,0.2537,187
0.7,0.48,0.2836,121
0.72,0.34,0.3284,131
0.74,0.35,0.3881,207
0.74,0.3,0.4627,205
0.74,0.3,0.3881,225
0.74,0.3,0.2985,199
0.74,0.3,0.3881,320
0.74,0.27,0.3284,591
0.66,0.44,0.0,225
0.7,0.37,0.0,148
0.7,0.34,0.1045,186
0.7,0.39,0.0896,237
0.72,0.3,0.1045,234
0.72,0.3,0.0896,651
0.72,0.34,0.2239,601
0.72,0.32,0.1343,444
0.72,0.34,0.2239,472
0.64,0.69,0.2537,213
0.7,0.58,0.2836,146
0.72,0.54,0.2985,185
0.74,0.55,0.3284,235
0.76,0.48,0.4179,236
0.76,0.48,0.4179,204
0.76,0.48,0.4478,204
0.76,0.52,0.4179,271
0.76,0.52,0.3582,567
0.72,0.7,0.2985,162
0.74,0.66,0.2985,142
0.7,0.79,0.0,151
0.7,0.79,0.0,41
0.7,0.79,0.1045,37
0.72,0.74,0.0,113
0.74,0.7,0.0,132
0.72,0.84,0.0,121
0.72,0.84,0.0,312
0.7,0.74,0.0,230
0.74,0.66,0.0896,123
0.76,0.62,0.0,214
0.76,0.66,0.1045,243
0.78,0.59,0.1045,237
0.8,0.59,0.0,219
0.8,0.59,0.19399999999999998,249
0.78,0.62,0.1045,343
0.74,0.74,0.2537,489
0.62,0.53,0.2537,188
0.66,0.47,0.2239,115
0.66,0.47,0.1642,138
0.68,0.44,0.1642,207
0.7,0.39,0.0,218
0.7,0.42,0.0,182
0.7,0.42,0.1642,220
0.72,0.42,0.1642,282
0.7,0.47,0.2239,591
0.66,0.5,0.2239,218
0.7,0.39,0.2239,137
0.72,0.37,0.19399999999999998,175
0.72,0.37,0.0,237
0.74,0.35,0.1045,229
0.74,0.33,0.1642,209
0.74,0.35,0.2239,196
0.74,0.37,0.1642,337
0.72,0.42,0.19399999999999998,611
0.64,0.69,0.0896,244
0.7,0.45,0.1045,138
0.72,0.42,0.1343,171
0.74,0.43,0.1343,260
0.74,0.37,0.1045,221
0.74,0.4,0.1343,196
0.74,0.4,0.1343,172
0.74,0.42,0.1343,309
0.72,0.45,0.1343,608
0.64,0.69,0.1045,207
0.68,0.61,0.1343,138
0.72,0.51,0.1343,192
0.72,0.51,0.1343,229
0.72,0.48,0.0896,219
0.72,0.54,0.2537,198
0.72,0.51,0.1343,174
0.74,0.51,0.19399999999999998,308
0.72,0.54,0.2537,628
0.62,0.83,0.1045,220
0.64,0.76,0.1642,140
0.66,0.74,0.1045,192
0.66,0.69,0.2239,260
0.68,0.65,0.1343,279
0.7,0.61,0.1045,283
0.7,0.61,0.2537,346
0.7,0.61,0.1343,381
0.68,0.65,0.1642,455
0.54,0.81,0.4179,185
0.54,0.83,0.3582,106
0.54,0.83,0.3881,89
0.54,0.83,0.3881,67
0.54,0.88,0.2985,29
0.54,0.88,0.2836,24
0.54,0.94,0.3881,89
0.54,0.94,0.3881,106
0.54,0.88,0.3881,291
0.6,0.88,0.1343,190
0.6,0.88,0.1343,66
0.6,0.94,0.0,10
0.56,0.94,0.0,22
0.6,0.88,0.0,11
0.6,0.93,0.0,25
0.62,0.94,0.1045,58
0.64,0.89,0.0,144
0.64,0.89,0.0,285
0.62,1.0,0.2537,69
0.64,0.94,0.1045,65
0.64,0.94,0.2239,98
0.66,0.94,0.2239,102
0.68,0.83,0.3881,126
0.7,0.79,0.3582,120
0.66,0.89,0.2985,139
0.64,0.94,0.2836,156
0.64,0.94,0.2836,113
0.62,0.94,0.1642,136
0.62,1.0,0.0,29
0.62,0.94,0.0,72
0.64,0.94,0.0,75
0.7,0.79,0.0896,122
0.72,0.74,0.0896,148
0.74,0.66,0.0,188
0.74,0.66,0.1343,285
0.7,0.79,0.2537,505
0.64,0.69,0.0,176
0.68,0.62,0.1642,129
0.7,0.58,0.19399999999999998,165
0.72,0.51,0.19399999999999998,184
0.72,0.54,0.1045,163
0.74,0.51,0.1642,189
0.74,0.48,0.0896,212
0.72,0.48,0.0,298
0.72,0.51,0.1642,590
0.64,0.69,0.0896,214
0.68,0.69,0.1343,135
0.7,0.61,0.1642,153
0.72,0.58,0.2239,187
0.74,0.51,0.2836,184
0.74,0.51,0.3284,190
0.74,0.51,0.2985,180
0.74,0.51,0.2239,292
0.74,0.51,0.2239,579
0.64,0.78,0.1642,202
0.7,0.7,0.1343,142
0.72,0.66,0.1642,164
0.74,0.58,0.2239,212
0.76,0.55,0.2537,178
0.78,0.52,0.2239,124
0.78,0.49,0.2537,176
0.76,0.52,0.2836,277
0.76,0.52,0.2836,599
0.64,0.73,0.3582,209
0.66,0.69,0.2537,121
0.68,0.65,0.1343,159
0.66,0.69,0.2985,179
0.64,0.65,0.2836,189
0.64,0.65,0.4179,170
0.6,0.69,0.4179,135
0.54,0.77,0.4627,222
0.48,0.82,0.4627,261
0.46,0.55,0.2537,210
0.5,0.51,0.2836,140
0.5,0.51,0.1343,179
0.52,0.45,0.0,251
0.54,0.42,0.0,223
0.54,0.45,0.1642,225
0.54,0.45,0.2239,203
0.52,0.48,0.1642,358
0.52,0.48,0.1343,566
0.54,0.68,0.1642,215
0.56,0.64,0.1343,105
0.58,0.64,0.1642,139
0.58,0.6,0.0896,189
0.6,0.6,0.0,177
0.6,0.6,0.19399999999999998,188
0.6,0.6,0.2239,187
0.6,0.6,0.1642,263
0.58,0.64,0.1343,568
0.54,0.94,0.2239,69
0.56,0.88,0.1642,30
0.56,0.88,0.1642,56
0.56,0.94,0.1642,60
0.56,0.94,0.1343,103
0.58,0.88,0.19399999999999998,112
0.62,0.78,0.1045,192
0.6,0.83,0.1642,264
0.6,0.83,0.1045,511
0.56,1.0,0.0896,208
0.6,0.88,0.0,133
0.62,0.83,0.1642,180
0.64,0.78,0.0896,193
0.66,0.74,0.1642,181
0.66,0.74,0.19399999999999998,179
0.66,0.74,0.1045,185
0.66,0.74,0.1045,281
0.66,0.74,0.1642,536
0.62,0.94,0.19399999999999998,203
0.64,0.89,0.2239,120
0.64,0.89,0.19399999999999998,165
0.66,0.83,0.1642,176
0.66,0.83,0.19399999999999998,193
0.66,0.83,0.2239,183
0.68,0.79,0.1642,181
0.68,0.74,0.1343,301
0.66,0.78,0.0896,563
0.62,1.0,0.1343,111
0.62,1.0,0.1045,35
0.62,1.0,0.1045,21
0.62,0.94,0.1045,29
0.6,1.0,0.0896,34
0.6,1.0,0.0896,24
0.62,0.94,0.1045,61
0.62,0.94,0.0,56
0.6,1.0,0.0,99
0.64,0.89,0.19399999999999998,205
0.64,0.89,0.19399999999999998,154
0.68,0.79,0.2239,159
0.68,0.79,0.1642,209
0.7,0.74,0.1642,187
0.7,0.7,0.1642,154
0.72,0.62,0.1343,209
0.7,0.65,0.1642,313
0.7,0.7,0.1343,570
0.64,0.89,0.19399999999999998,193
0.64,0.94,0.1642,122
0.66,0.89,0.1045,123
0.66,0.89,0.1343,162
0.7,0.74,0.2239,151
0.68,0.79,0.1045,152
0.68,0.83,0.0896,205
0.66,0.83,0.19399999999999998,258
0.66,0.89,0.19399999999999998,530
0.62,0.94,0.2239,155
0.62,0.94,0.0,129
0.66,0.83,0.1045,151
0.68,0.79,0.0,184
0.7,0.74,0.2537,162
0.72,0.62,0.2537,170
0.7,0.7,0.1343,181
0.7,0.7,0.19399999999999998,280
0.7,0.7,0.2239,591
0.62,0.78,0.2537,225
0.64,0.65,0.19399999999999998,127
0.62,0.61,0.19399999999999998,158
0.66,0.61,0.1642,195
0.64,0.61,0.19399999999999998,211
0.68,0.51,0.2985,167
0.68,0.45,0.3881,227
0.68,0.41,0.3582,291
0.66,0.47,0.2985,589
0.56,0.73,0.19399999999999998,237
0.6,0.64,0.0,168
0.64,0.57,0.0896,217
0.64,0.57,0.19399999999999998,254
0.66,0.47,0.3284,266
0.64,0.47,0.2985,266
0.64,0.5,0.2836,245
0.62,0.53,0.2239,360
0.62,0.53,0.19399999999999998,591
0.4,0.66,0.0896,153
0.4,0.66,0.1045,101
0.4,0.71,0.2239,126
0.4,0.71,0.1343,147
0.42,0.67,0.1642,118
0.4,0.76,0.0,120
0.4,0.76,0.0,101
0.4,0.76,0.1045,218
0.4,0.76,0.1642,495
0.46,0.67,0.2537,187
0.48,0.67,0.2836,126
0.54,0.64,0.2836,124
0.56,0.56,0.2985,199
0.56,0.56,0.2985,173
0.58,0.53,0.2537,183
0.58,0.56,0.2836,194
0.58,0.56,0.3284,309
0.56,0.6,0.3881,585
0.54,0.6,0.2985,219
0.56,0.56,0.3881,133
0.6,0.46,0.2836,170
0.62,0.43,0.3284,214
0.64,0.41,0.2239,219
0.64,0.41,0.2836,190
0.64,0.47,0.2836,182
0.64,0.47,0.3284,282
0.64,0.47,0.2537,591
0.46,0.63,0.19399999999999998,208
0.52,0.52,0.0,129
0.54,0.49,0.0,144
0.56,0.49,0.0896,226
0.56,0.46,0.0896,191
0.58,0.43,0.0896,195
0.58,0.46,0.1343,219
0.58,0.49,0.19399999999999998,323
0.56,0.52,0.1343,568
0.48,0.77,0.0,241
0.52,0.68,0.0896,174
0.56,0.63,0.0,230
0.6,0.53,0.0,235
0.6,0.46,0.0,305
0.62,0.5,0.0,256
0.66,0.41,0.0,270
0.64,0.44,0.0,419
0.6,0.56,0.2537,563
0.6,0.69,0.0,235
0.6,0.69,0.1343,149
0.6,0.73,0.1642,123
0.6,0.73,0.1642,181
0.6,0.73,0.19399999999999998,180
0.6,0.73,0.1045,171
0.6,0.78,0.1642,175
0.6,0.73,0.1642,320
0.6,0.78,0.2537,604
0.54,0.88,0.4478,197
0.54,0.88,0.3881,113
0.54,0.94,0.3284,120
0.54,0.88,0.3284,62
0.54,0.88,0.2239,101
0.54,0.94,0.2836,78
0.54,0.94,0.2537,45
0.56,0.88,0.2239,55
0.54,0.94,0.2239,251
0.56,1.0,0.1045,109
0.56,1.0,0.1343,69
0.62,0.83,0.0,84
0.62,0.88,0.0,105
0.64,0.83,0.1642,162
0.66,0.78,0.19399999999999998,133
0.66,0.78,0.19399999999999998,155
0.66,0.74,0.2239,276
0.62,0.83,0.2537,479
0.56,0.94,0.2239,180
0.54,0.88,0.3582,125
0.52,0.88,0.1642,87
0.52,0.88,0.1642,75
0.56,0.73,0.3582,132
0.62,0.43,0.3582,156
0.62,0.43,0.2836,230
0.6,0.43,0.2239,344
0.58,0.46,0.4179,481
0.5,0.45,0.2836,206
0.52,0.45,0.1642,135
0.56,0.43,0.0,166
0.56,0.4,0.0896,205
0.56,0.46,0.0896,205
0.58,0.49,0.19399999999999998,166
0.56,0.6,0.2537,208
0.58,0.56,0.2537,302
0.56,0.64,0.1343,620
0.52,0.77,0.0896,227
0.56,0.68,0.0,102
0.6,0.49,0.1045,147
0.62,0.43,0.0896,201
0.64,0.38,0.19399999999999998,219
0.62,0.41,0.1642,169
0.62,0.5,0.19399999999999998,205
0.62,0.57,0.2537,304
0.6,0.6,0.1343,625
0.52,0.88,0.4925,202
0.52,0.88,0.4925,123
0.52,0.94,0.2537,149
0.52,0.94,0.3284,130
0.54,0.94,0.2836,106
0.54,0.94,0.1642,97
0.54,1.0,0.1343,120
0.56,0.94,0.1642,201
0.56,0.94,0.1642,181
0.44,0.67,0.5821,223
0.46,0.59,0.4478,130
0.48,0.55,0.5224,129
0.48,0.48,0.5224,199
0.5,0.45,0.5821,164
0.48,0.48,0.5522,155
0.48,0.51,0.4478,160
0.48,0.51,0.4478,234
0.48,0.48,0.3881,494
0.42,0.58,0.1343,222
0.46,0.51,0.1642,138
0.5,0.45,0.2239,174
0.5,0.45,0.2985,240
0.48,0.48,0.3284,206
0.52,0.42,0.2985,198
0.5,0.45,0.2836,235
0.5,0.45,0.2537,302
0.46,0.51,0.2537,524
0.44,0.82,0.1642,195
0.46,0.82,0.2537,129
0.5,0.72,0.1642,168
0.52,0.68,0.1045,220
0.54,0.64,0.2239,198
0.54,0.64,0.19399999999999998,206
0.56,0.6,0.1642,177
0.54,0.64,0.19399999999999998,310
0.52,0.68,0.1343,614
0.48,0.55,0.2239,223
0.5,0.51,0.2537,128
0.52,0.48,0.2836,166
0.54,0.39,0.3582,200
0.56,0.37,0.3881,198
0.56,0.4,0.2537,200
0.56,0.37,0.1045,234
0.56,0.37,0.19399999999999998,285
0.56,0.37,0.1045,585
0.48,0.63,0.2239,240
0.52,0.62,0.2537,131
0.52,0.59,0.3284,155
0.58,0.53,0.2239,194
0.56,0.6,0.1045,82
0.52,0.77,0.0,66
0.52,0.77,0.0,70
0.52,0.77,0.0896,213
0.52,0.77,0.1045,454
0.5,0.82,0.1642,171
0.5,0.88,0.19399999999999998,62
0.5,0.88,0.1343,52
0.5,0.88,0.1343,53
0.5,0.88,0.1642,74
0.52,0.83,0.0,92
0.52,0.83,0.1045,107
0.56,0.73,0.1642,207
0.5,0.72,0.4627,322
0.32,0.57,0.2239,229
0.34,0.57,0.2239,130
0.36,0.5,0.2239,168
0.38,0.4,0.1642,213
0.38,0.42,0.2239,228
0.36,0.46,0.19399999999999998,185
0.36,0.43,0.2537,215
0.36,0.46,0.1642,308
0.36,0.5,0.1343,446
0.32,0.76,0.1642,211
0.36,0.57,0.1642,105
0.4,0.5,0.1343,128
0.42,0.44,0.2239,170
0.44,0.44,0.2239,152
0.44,0.47,0.2239,141
0.44,0.47,0.1642,168
0.42,0.54,0.1642,272
0.42,0.54,0.1343,486
0.4,0.66,0.1642,222
0.44,0.62,0.1343,135
0.46,0.63,0.1045,117
0.5,0.48,0.0896,176
0.48,0.55,0.19399999999999998,167
0.5,0.48,0.2537,150
0.5,0.45,0.1343,186
0.48,0.44,0.1642,298
0.44,0.54,0.1642,506
0.34,0.87,0.0,228
0.4,0.71,0.0896,133
0.42,0.71,0.1343,144
0.46,0.55,0.1642,189
0.48,0.48,0.1642,161
0.5,0.45,0.1642,172
0.48,0.51,0.1642,187
0.48,0.51,0.1045,266
0.44,0.62,0.19399999999999998,553
0.36,0.81,0.19399999999999998,164
0.4,0.76,0.19399999999999998,110
0.44,0.67,0.19399999999999998,120
0.5,0.51,0.19399999999999998,179
0.52,0.48,0.2537,169
0.52,0.52,0.1642,152
0.52,0.52,0.1642,162
0.52,0.48,0.19399999999999998,267
0.48,0.55,0.0896,498
0.42,0.71,0.4627,254
0.42,0.71,0.3284,134
0.44,0.67,0.4478,162
0.48,0.55,0.4925,197
0.44,0.51,0.4179,194
0.44,0.47,0.2985,201
0.46,0.44,0.3881,237
0.46,0.36,0.3881,290
0.42,0.38,0.3582,480
0.34,1.0,0.1343,174
0.36,0.93,0.1343,123
0.42,0.77,0.1045,128
0.46,0.67,0.0,179
0.54,0.49,0.0896,189
0.56,0.37,0.1642,145
0.56,0.37,0.1045,170
0.52,0.45,0.0,295
0.5,0.45,0.1642,528
0.36,0.87,0.0,191
0.42,0.71,0.0896,129
0.46,0.63,0.1343,147
0.52,0.52,0.1343,203
0.54,0.49,0.1642,196
0.56,0.46,0.1045,161
0.58,0.46,0.1045,188
0.56,0.46,0.1343,289
0.52,0.43,0.1642,499
0.34,0.93,0.0,219
0.4,0.76,0.1045,105
0.46,0.67,0.1642,152
0.5,0.51,0.1642,180
0.5,0.51,0.1642,167
0.52,0.48,0.1642,179
0.52,0.45,0.2239,151
0.52,0.48,0.19399999999999998,281
0.46,0.63,0.1045,485
0.42,0.94,0.1045,211
0.44,0.88,0.2239,117
0.46,0.67,0.3881,108
0.42,0.67,0.3582,167
0.36,0.81,0.3582,96
0.36,0.87,0.2836,64
0.36,0.81,0.2985,62
0.36,0.81,0.2239,73
0.36,0.81,0.2239,177
0.48,0.67,0.3284,233
0.5,0.63,0.2836,111
0.54,0.6,0.2836,128
0.56,0.56,0.2985,202
0.6,0.49,0.3881,203
0.62,0.46,0.4478,185
0.64,0.44,0.3284,195
0.62,0.46,0.4179,315
0.62,0.46,0.2537,519
0.56,0.64,0.0896,200
0.56,0.64,0.2836,138
0.56,0.64,0.19399999999999998,134
0.54,0.68,0.0,176
0.54,0.6,0.2239,153
0.54,0.6,0.2836,147
0.54,0.6,0.1343,191
0.52,0.68,0.1343,271
0.5,0.72,0.19399999999999998,451
0.46,0.94,0.0,82
0.46,0.94,0.0,36
0.46,0.94,0.0896,60
0.46,1.0,0.0,54
0.46,0.94,0.1343,58
0.46,1.0,0.1343,61
0.48,0.94,0.1045,66
0.48,0.94,0.1045,123
0.48,0.88,0.19399999999999998,233
0.34,0.61,0.3284,198
0.34,0.61,0.3284,81
0.32,0.66,0.3284,97
0.34,0.53,0.2985,121
0.34,0.49,0.4478,124
0.34,0.49,0.3881,110
0.34,0.49,0.4478,116
0.32,0.39,0.4179,195
0.32,0.42,0.3881,399
0.26,0.41,0.19399999999999998,213
0.26,0.41,0.2836,115
0.3,0.36,0.1343,140
0.32,0.33,0.0,165
0.34,0.31,0.2239,177
0.34,0.31,0.1343,154
0.34,0.29,0.1343,178
0.34,0.29,0.1343,209
0.32,0.31,0.1343,378
0.48,0.94,0.1045,237
0.52,0.83,0.0,135
0.52,0.83,0.1045,128
0.5,0.77,0.1343,162
0.5,0.77,0.1343,134
0.48,0.82,0.19399999999999998,135
0.44,0.94,0.2239,108
0.44,0.94,0.2239,108
0.42,0.94,0.2985,210
0.4,0.94,0.0,149
0.4,0.94,0.0,52
0.4,0.94,0.1343,32
0.4,1.0,0.0896,21
0.42,1.0,0.0896,26
0.42,1.0,0.0896,35
0.44,0.94,0.0,34
0.44,0.94,0.0,62
0.44,1.0,0.0896,165
0.52,0.94,0.19399999999999998,167
0.52,0.94,0.19399999999999998,76
0.5,0.72,0.4179,116
0.48,0.55,0.4179,160
0.44,0.54,0.4925,174
0.42,0.54,0.4627,213
0.42,0.54,0.4478,207
0.4,0.62,0.4627,173
0.38,0.71,0.3881,163
0.32,0.76,0.0,95
0.36,0.71,0.1642,142
0.4,0.66,0.1045,226
0.46,0.51,0.1045,272
0.5,0.45,0.2239,283
0.52,0.39,0.2239,272
0.52,0.36,0.19399999999999998,310
0.5,0.39,0.1642,261
0.5,0.34,0.1045,184
0.44,0.88,0.2239,208
0.48,0.77,0.1343,107
0.52,0.68,0.1045,118
0.56,0.6,0.1045,178
0.58,0.56,0.0,162
0.6,0.56,0.0,143
0.58,0.6,0.1642,150
0.56,0.6,0.19399999999999998,264
0.58,0.56,0.19399999999999998,468
0.56,0.73,0.4179,202
0.56,0.73,0.4179,36
0.5,0.88,0.2985,11
0.42,0.82,0.4179,18
0.42,0.77,0.2836,22
0.4,0.94,0.19399999999999998,36
0.4,0.87,0.3284,65
0.4,0.87,0.2239,151
0.4,0.87,0.2985,354
0.3,0.75,0.2836,193
0.34,0.66,0.2239,110
0.38,0.54,0.2985,122
0.36,0.53,0.2836,160
0.38,0.43,0.3582,147
0.38,0.43,0.3582,112
0.36,0.46,0.3284,115
0.36,0.46,0.2836,226
0.34,0.49,0.3284,380
0.3,0.52,0.3284,224
0.32,0.53,0.2985,93
0.34,0.49,0.2537,102
0.36,0.46,0.2239,148
0.4,0.4,0.2239,154
0.4,0.4,0.2239,150
0.4,0.4,0.2239,154
0.4,0.4,0.19399999999999998,201
0.36,0.46,0.1343,418
0.28,0.81,0.0,246
0.3,0.75,0.2239,105
0.34,0.66,0.1642,160
0.36,0.57,0.1343,204
0.4,0.47,0.1343,207
0.42,0.44,0.1045,170
0.42,0.41,0.0896,199
0.42,0.41,0.0896,276
0.42,0.38,0.0,411
0.36,0.87,0.0896,190
0.36,0.87,0.0896,87
0.36,0.87,0.0896,123
0.4,0.76,0.1045,154
0.42,0.71,0.0896,171
0.46,0.67,0.0,133
0.46,0.72,0.0896,148
0.5,0.63,0.0896,248
0.42,0.77,0.0,446
0.46,0.94,0.2239,204
0.46,0.94,0.2836,50
0.46,0.94,0.2537,32
0.46,1.0,0.2239,55
0.46,1.0,0.19399999999999998,71
0.48,1.0,0.2239,75
0.5,1.0,0.19399999999999998,45
0.46,1.0,0.2537,88
0.46,1.0,0.2239,262
0.44,1.0,0.2537,64
0.44,1.0,0.0896,33
0.44,1.0,0.0896,50
0.44,1.0,0.1343,33
0.44,1.0,0.19399999999999998,33
0.44,1.0,0.19399999999999998,25
0.42,0.94,0.2239,30
0.42,0.94,0.19399999999999998,31
0.4,1.0,0.3284,52
0.24,0.52,0.3881,225
0.26,0.52,0.3284,110
0.28,0.52,0.2537,106
0.28,0.52,0.3284,156
0.3,0.49,0.3582,124
0.32,0.45,0.2537,137
0.32,0.45,0.1343,117
0.32,0.45,0.19399999999999998,208
0.3,0.49,0.1045,331
0.26,0.81,0.0896,264
0.3,0.7,0.1642,126
0.32,0.7,0.2537,136
0.36,0.57,0.2985,173
0.38,0.5,0.19399999999999998,168
0.38,0.46,0.2836,187
0.38,0.46,0.2836,189
0.36,0.62,0.1343,250
0.34,0.66,0.1045,362
0.18,0.74,0.0896,220
0.22,0.69,0.1045,105
0.26,0.6,0.0896,115
0.28,0.52,0.1045,145
0.3,0.52,0.1045,166
0.32,0.53,0.1343,111
0.32,0.57,0.1045,132
0.32,0.57,0.0896,214
0.3,0.56,0.0,359
0.26,0.6,0.1642,233
0.3,0.52,0.1642,102
0.34,0.46,0.2537,124
0.36,0.43,0.3582,167
0.4,0.37,0.3284,127
0.4,0.37,0.2537,134
0.4,0.35,0.2537,151
0.38,0.37,0.2537,207
0.36,0.4,0.19399999999999998,398
0.3,0.61,0.0,239
0.32,0.57,0.0,142
0.34,0.55,0.0,115
0.36,0.57,0.0896,144
0.36,0.57,0.1045,133
0.38,0.54,0.0896,151
0.38,0.54,0.1045,167
0.38,0.54,0.1045,245
0.36,0.57,0.1045,396
0.36,0.62,0.2836,280
0.4,0.58,0.2985,109
0.4,0.62,0.4179,135
0.46,0.59,0.4925,157
0.5,0.55,0.3582,164
0.52,0.52,0.3284,132
0.52,0.55,0.2239,82
0.46,0.72,0.1642,131
0.52,0.59,0.2836,324
0.36,0.46,0.3881,243
0.34,0.46,0.2985,132
0.34,0.42,0.2985,144
0.34,0.42,0.3582,173
0.34,0.39,0.3582,137
0.34,0.42,0.2239,128
0.32,0.45,0.2985,153
0.32,0.45,0.2239,224
0.32,0.45,0.2836,365
0.22,0.69,0.2239,183
0.24,0.67,0.19399999999999998,108
0.26,0.65,0.2537,127
0.3,0.61,0.3284,141
0.34,0.49,0.3284,142
0.36,0.46,0.2239,137
0.38,0.46,0.1642,159
0.4,0.4,0.2537,208
0.38,0.46,0.19399999999999998,378
0.36,0.66,0.0,259
0.42,0.58,0.19399999999999998,129
0.4,0.62,0.1642,129
0.44,0.54,0.1343,175
0.44,0.54,0.1343,181
0.44,0.58,0.1045,138
0.44,0.54,0.0,154
0.44,0.54,0.0,238
0.4,0.62,0.1642,431
0.4,0.87,0.2239,234
0.48,0.82,0.4179,89
0.48,0.82,0.4179,56
0.46,0.88,0.3881,61
0.44,0.94,0.2985,58
0.48,0.88,0.3582,51
0.48,0.88,0.3881,61
0.44,1.0,0.3284,101
0.44,1.0,0.3284,229
0.38,0.87,0.0896,228
0.4,0.82,0.0896,141
0.44,0.77,0.0,145
0.48,0.55,0.0,202
0.46,0.63,0.0,188
0.46,0.63,0.0,159
0.48,0.59,0.0,214
0.46,0.63,0.0,256
0.44,0.67,0.1642,356
0.4,0.66,0.2985,156
0.4,0.62,0.3582,104
0.4,0.58,0.4478,174
0.4,0.54,0.5224,170
0.4,0.5,0.4627,194
0.4,0.54,0.4179,200
0.38,0.54,0.3582,203
0.38,0.5,0.2985,181
0.36,0.53,0.2239,140
0.32,0.66,0.1045,104
0.32,0.66,0.0896,60
0.32,0.66,0.1045,30
0.3,0.81,0.0896,24
0.3,0.87,0.1343,20
0.42,0.82,0.3881,14
0.42,0.82,0.3881,19
0.44,0.88,0.3284,46
0.4,0.87,0.1343,115
0.32,0.57,0.3284,189
0.34,0.57,0.2239,96
0.36,0.46,0.3582,111
0.34,0.46,0.5522,140
0.34,0.39,0.4627,159
0.32,0.39,0.3881,120
0.32,0.36,0.4179,117
0.3,0.36,0.4179,167
0.28,0.38,0.2537,250
0.2,0.64,0.1343,170
0.22,0.64,0.1642,110
0.24,0.6,0.0896,122
0.26,0.56,0.1045,130
0.28,0.52,0.1045,131
0.3,0.52,0.0,142
0.3,0.52,0.0896,177
0.3,0.52,0.1642,177
0.3,0.61,0.1642,240
0.26,0.75,0.0,194
0.3,0.65,0.2537,118
0.32,0.66,0.19399999999999998,171
0.32,0.57,0.1343,197
0.36,0.53,0.1343,207
0.4,0.47,0.0896,245
0.42,0.44,0.0,292
0.42,0.47,0.19399999999999998,283
0.38,0.54,0.1642,242
0.16,0.5,0.2836,153
0.16,0.47,0.4627,60
0.18,0.37,0.5224,75
0.18,0.37,0.5224,74
0.18,0.34,0.6567,73
0.16,0.43,0.5224,79
0.16,0.37,0.4179,77
0.14,0.39,0.5821,136
0.14,0.26,0.4627,245
0.04,0.45,0.1343,180
0.06,0.45,0.0,64
0.08,0.42,0.0896,46
0.1,0.46,0.19399999999999998,84
0.14,0.43,0.2537,91
0.14,0.46,0.2537,75
0.18,0.37,0.3284,90
0.18,0.4,0.2836,131
0.2,0.4,0.19399999999999998,281
0.22,0.69,0.0,227
0.24,0.52,0.0896,86
0.3,0.49,0.0,84
0.3,0.49,0.2537,120
0.34,0.42,0.2985,118
0.34,0.39,0.2836,117
0.36,0.34,0.2836,119
0.36,0.34,0.2836,197
0.36,0.34,0.19399999999999998,412
0.24,0.7,0.1642,241
0.26,0.65,0.19399999999999998,116
0.3,0.56,0.1642,138
0.36,0.5,0.2537,191
0.4,0.43,0.2836,204
0.46,0.36,0.19399999999999998,178
0.52,0.27,0.2537,222
0.52,0.27,0.2836,294
0.46,0.36,0.2239,476
0.22,0.64,0.0,197
0.24,0.6,0.0,108
0.26,0.56,0.0896,88
0.26,0.56,0.1045,103
0.26,0.56,0.1045,80
0.22,0.75,0.1642,50
0.22,0.75,0.1642,69
0.22,0.87,0.0896,49
0.22,0.87,0.0,152
0.18,0.93,0.1642,195
0.18,0.93,0.1642,83
0.42,0.38,0.2985,101
0.42,0.38,0.2985,140
0.42,0.38,0.2985,178
0.42,0.38,0.2985,106
0.42,0.38,0.2985,136
0.42,0.38,0.3582,240
0.42,0.38,0.2537,460
0.2,0.86,0.1343,225
0.24,0.87,0.1343,97
0.26,0.87,0.0896,99
0.3,0.81,0.0,55
0.32,0.76,0.0,65
0.32,0.81,0.1045,73
0.34,0.87,0.0896,79
0.34,0.87,0.2537,118
0.34,0.87,0.2239,134
0.32,0.81,0.1045,230
0.34,0.81,0.1045,90
0.34,0.81,0.1045,119
0.34,0.81,0.1045,144
0.42,0.77,0.1642,183
0.42,0.77,0.1642,156
0.44,0.72,0.1343,188
0.46,0.67,0.19399999999999998,281
0.46,0.63,0.1642,495
0.22,0.47,0.3881,214
0.24,0.44,0.4478,103
0.24,0.38,0.6119,114
0.24,0.38,0.4925,154
0.26,0.33,0.5224,154
0.26,0.33,0.5522,129
0.26,0.33,0.5821,138
0.28,0.3,0.4627,233
0.28,0.33,0.4179,332
0.32,0.81,0.2537,68
0.3,0.87,0.2537,62
0.34,0.87,0.1045,75
0.32,0.87,0.2836,86
0.38,0.76,0.3284,103
0.44,0.62,0.4925,132
0.44,0.62,0.4925,129
0.46,0.63,0.5522,219
0.46,0.63,0.4478,462
0.28,0.52,0.3284,202
0.3,0.42,0.4627,93
0.3,0.42,0.3881,114
0.3,0.39,0.4925,161
0.3,0.42,0.4627,130
0.3,0.33,0.3881,105
0.3,0.33,0.5224,130
0.28,0.3,0.5224,176
0.26,0.33,0.4478,346
0.12,0.54,0.0,210
0.14,0.59,0.0,108
0.16,0.55,0.1642,99
0.2,0.51,0.19399999999999998,111
0.22,0.47,0.2836,124
0.24,0.44,0.19399999999999998,119
0.26,0.44,0.2985,127
0.26,0.41,0.3284,193
0.26,0.44,0.3284,385
0.22,0.47,0.3881,263
0.22,0.44,0.2836,97
0.2,0.32,0.3582,123
0.2,0.34,0.3284,124
0.22,0.32,0.2985,156
0.22,0.35,0.2985,115
0.22,0.35,0.19399999999999998,156
0.2,0.37,0.1642,174
0.22,0.32,0.0896,349
0.2,0.86,0.0896,211
0.2,0.93,0.0,149
0.2,0.93,0.0896,62
0.22,0.93,0.0,62
0.22,0.93,0.0896,37
0.22,0.93,0.19399999999999998,61
0.22,1.0,0.2239,74
0.24,0.93,0.1642,122
0.24,0.96,0.1045,276
0.32,0.87,0.0896,255
0.32,0.93,0.0896,116
0.34,0.87,0.1343,153
0.34,0.87,0.1642,175
0.34,0.87,0.1642,203
0.36,0.81,0.2239,173
0.4,0.71,0.1642,208
0.4,0.71,0.1343,278
0.42,0.67,0.0896,515
0.24,0.7,0.2537,236
0.26,0.7,0.3284,141
0.3,0.61,0.2985,157
0.32,0.53,0.1343,193
0.34,0.49,0.1343,212
0.34,0.49,0.0896,160
0.36,0.46,0.0,155
0.34,0.53,0.1642,246
0.36,0.53,0.1642,470
0.3,0.81,0.0,274
0.3,0.81,0.1343,108
0.3,0.87,0.1045,111
0.34,0.81,0.1343,165
0.38,0.71,0.0,173
0.4,0.71,0.1045,128
0.42,0.71,0.1045,164
0.4,0.71,0.0896,224
0.42,0.71,0.0,413
0.5,0.88,0.2836,107
0.48,1.0,0.1642,126
0.48,0.94,0.1343,105
0.5,0.88,0.1642,180
0.5,0.59,0.4627,201
0.5,0.55,0.5522,176
0.48,0.51,0.3284,197
0.44,0.51,0.5522,267
0.42,0.5,0.5821,422
0.2,0.47,0.2239,198
0.22,0.41,0.2836,85
0.26,0.38,0.0,99
0.26,0.35,0.3881,134
0.3,0.31,0.19399999999999998,132
0.32,0.24,0.1343,115
0.32,0.24,0.19399999999999998,138
0.34,0.25,0.19399999999999998,221
0.36,0.21,0.19399999999999998,438
0.3,0.52,0.19399999999999998,261
0.32,0.57,0.19399999999999998,144
0.4,0.37,0.2836,139
0.4,0.43,0.2985,194
0.46,0.36,0.2239,198
0.5,0.29,0.3284,160
0.54,0.26,0.4478,177
0.54,0.26,0.4478,307
0.54,0.26,0.4179,559
0.36,0.71,0.19399999999999998,276
0.4,0.62,0.1343,133
0.4,0.58,0.1642,143
0.44,0.54,0.1045,179
0.46,0.47,0.2239,186
0.62,0.33,0.2239,192
0.6,0.35,0.2836,194
0.6,0.4,0.2239,283
0.58,0.43,0.19399999999999998,539
0.38,0.87,0.0,228
0.42,0.77,0.1045,78
0.4,0.82,0.2537,105
0.42,0.82,0.0,148
0.42,0.77,0.0,137
0.4,0.76,0.1045,141
0.46,0.67,0.1642,174
0.46,0.55,0.2836,229
0.42,0.54,0.4925,450
0.24,0.65,0.19399999999999998,270
0.28,0.56,0.2836,129
0.32,0.53,0.2985,164
0.34,0.46,0.1343,216
0.36,0.46,0.0,198
0.36,0.46,0.2239,170
0.38,0.4,0.0,216
0.4,0.37,0.1045,311
0.4,0.37,0.0896,488
0.18,0.8,0.1045,277
0.22,0.75,0.1045,116
0.26,0.7,0.1343,116
0.32,0.61,0.1642,150
0.38,0.4,0.2239,141
0.4,0.35,0.1642,140
0.42,0.32,0.2836,171
0.4,0.43,0.2537,228
0.4,0.43,0.2537,430
0.32,0.49,0.0,289
0.34,0.46,0.1642,116
0.36,0.46,0.19399999999999998,129
0.4,0.4,0.3284,172
0.44,0.38,0.2537,184
0.44,0.38,0.2537,138
0.44,0.38,0.19399999999999998,146
0.44,0.35,0.2537,276
0.44,0.35,0.19399999999999998,509
0.24,0.7,0.1642,253
0.26,0.7,0.2239,108
0.26,0.65,0.2239,102
0.28,0.65,0.2836,138
0.28,0.61,0.1045,126
0.3,0.56,0.1642,108
0.3,0.61,0.1045,54
0.26,0.81,0.1045,75
0.24,0.87,0.1045,155
0.2,0.59,0.2239,238
0.22,0.51,0.2239,97
0.24,0.52,0.2239,99
0.26,0.48,0.3284,158
0.3,0.42,0.3284,154
0.32,0.39,0.2985,144
0.32,0.36,0.2985,134
0.34,0.36,0.0,238
0.34,0.34,0.1343,399
0.22,0.55,0.1642,275
0.26,0.48,0.1343,124
0.28,0.45,0.1045,153
0.3,0.42,0.1343,176
0.3,0.42,0.0896,192
0.32,0.39,0.0896,146
0.32,0.45,0.1343,191
0.34,0.42,0.2537,268
0.34,0.42,0.19399999999999998,396
0.12,0.5,0.19399999999999998,205
0.14,0.5,0.1343,71
0.22,0.37,0.19399999999999998,90
0.28,0.28,0.3284,118
0.32,0.22,0.2239,140
0.34,0.23,0.1045,135
0.36,0.27,0.1343,155
0.36,0.23,0.19399999999999998,211
0.36,0.23,0.19399999999999998,407
0.26,0.56,0.0896,262
0.26,0.6,0.1343,98
0.3,0.45,0.1642,112
0.3,0.52,0.2239,172
0.36,0.4,0.2537,173
0.4,0.4,0.2239,124
0.42,0.38,0.4478,145
0.42,0.35,0.2985,266
0.42,0.38,0.3582,523
0.32,0.61,0.3284,231
0.34,0.57,0.2985,120
0.36,0.53,0.2836,138
0.38,0.46,0.3881,163
0.4,0.43,0.2836,170
0.42,0.41,0.3582,134
0.42,0.41,0.2239,171
0.42,0.38,0.19399999999999998,231
0.42,0.38,0.19399999999999998,487
0.3,0.7,0.1642,202
0.32,0.7,0.1343,44
0.32,0.7,0.1045,71
0.32,0.76,0.0896,45
0.34,0.71,0.2537,64
0.32,0.81,0.19399999999999998,31
0.34,0.76,0.0,53
0.34,0.81,0.0,118
0.34,0.87,0.0,289
0.26,1.0,0.0,283
0.34,0.71,0.2836,116
0.36,0.62,0.4179,142
0.38,0.46,0.3881,198
0.4,0.43,0.3582,205
0.4,0.37,0.3582,170
0.42,0.35,0.4179,221
0.42,0.32,0.2985,307
0.42,0.32,0.3284,465
0.2,0.75,0.1045,217
0.24,0.7,0.19399999999999998,85
0.26,0.7,0.2836,86
0.3,0.56,0.3881,163
0.34,0.49,0.4179,131
0.32,0.53,0.3881,124
0.34,0.49,0.4179,160
0.36,0.46,0.4179,254
0.38,0.4,0.4478,432
0.32,0.7,0.0896,252
0.34,0.71,0.0896,139
0.36,0.66,0.1642,171
0.4,0.62,0.2836,207
0.42,0.54,0.2985,190
0.44,0.54,0.3284,177
0.5,0.31,0.4179,195
0.52,0.29,0.4627,298
0.52,0.32,0.3881,529
0.36,0.81,0.2537,242
0.42,0.67,0.19399999999999998,148
0.48,0.48,0.2836,182
0.5,0.42,0.2537,224
0.52,0.39,0.19399999999999998,218
0.54,0.37,0.2537,192
0.54,0.33,0.1343,217
0.56,0.32,0.0,343
0.54,0.32,0.1642,610
0.36,0.81,0.2537,244
0.36,0.81,0.1642,141
0.36,0.81,0.1045,163
0.4,0.76,0.1343,228
0.42,0.71,0.1045,183
0.46,0.67,0.1045,31
0.4,0.87,0.19399999999999998,94
0.4,0.87,0.19399999999999998,178
0.42,0.94,0.1045,256
0.26,0.6,0.19399999999999998,230
0.32,0.45,0.2537,104
0.36,0.43,0.2537,103
0.4,0.37,0.2985,177
0.4,0.43,0.2836,182
0.46,0.36,0.2836,158
0.52,0.25,0.4179,174
0.54,0.26,0.4478,286
0.54,0.24,0.4478,529
0.28,0.45,0.3582,232
0.3,0.42,0.2985,132
0.34,0.36,0.2537,163
0.36,0.34,0.1343,183
0.36,0.32,0.1045,190
0.4,0.28,0.1045,134
0.42,0.26,0.0896,166
0.42,0.28,0.0896,287
0.42,0.26,0.0896,530
0.3,0.81,0.1642,38
0.3,0.81,0.1642,10
0.3,0.87,0.19399999999999998,10
0.32,0.93,0.3284,70
0.36,0.93,0.3582,76
0.36,0.93,0.3582,56
0.4,0.82,0.2836,90
0.4,0.82,0.2239,167
0.4,0.87,0.1642,253
0.46,0.77,0.2537,286
0.52,0.55,0.1642,133
0.56,0.43,0.19399999999999998,168
0.56,0.37,0.2239,220
0.58,0.32,0.2537,211
0.58,0.35,0.2239,211
0.6,0.31,0.2537,223
0.58,0.32,0.2985,361
0.56,0.35,0.2985,600
0.3,0.81,0.0,314
0.36,0.5,0.1642,132
0.38,0.46,0.19399999999999998,194
0.4,0.43,0.1642,234
0.42,0.44,0.2239,222
0.44,0.44,0.2836,205
0.42,0.5,0.2985,78
0.4,0.58,0.2985,50
0.36,0.81,0.2239,128
0.22,0.6,0.0896,197
0.24,0.6,0.0,86
0.26,0.56,0.1343,103
0.26,0.52,0.0,137
0.26,0.55,0.2985,120
0.28,0.57,0.3582,128
0.3,0.53,0.19399999999999998,130
0.3,0.45,0.2985,210
0.3,0.45,0.2985,387
0.22,0.47,0.0,233
0.24,0.44,0.0,129
0.26,0.41,0.1642,130
0.26,0.41,0.1045,138
0.3,0.39,0.1343,164
0.32,0.36,0.2239,136
0.34,0.36,0.2985,166
0.36,0.32,0.2836,250
0.36,0.34,0.2836,446
0.3,0.61,0.3284,264
0.36,0.5,0.2985,147
0.42,0.38,0.2985,161
0.44,0.38,0.3881,215
0.5,0.34,0.4179,205
0.52,0.36,0.3284,175
0.54,0.37,0.4478,209
0.56,0.37,0.4179,288
0.56,0.43,0.4925,612
0.46,0.72,0.4627,301
0.5,0.68,0.4627,138
0.54,0.6,0.4627,204
0.56,0.6,0.4478,251
0.6,0.49,0.6418,233
0.62,0.43,0.6418,203
0.64,0.38,0.6866,185
0.62,0.41,0.6418,342
0.62,0.38,0.6567,597
0.34,0.42,0.5224,284
0.34,0.36,0.4925,159
0.36,0.34,0.3582,187
0.36,0.34,0.4179,201
0.38,0.29,0.3881,224
0.42,0.28,0.4627,178
0.46,0.24,0.2537,238
0.48,0.23,0.4179,343
0.46,0.24,0.3881,566
0.38,0.54,0.1642,281
0.4,0.5,0.2239,137
0.44,0.44,0.2239,150
0.48,0.39,0.2239,221
0.54,0.32,0.2537,250
0.58,0.32,0.2836,221
0.56,0.4,0.1343,233
0.62,0.35,0.4478,332
0.62,0.38,0.4179,644
0.48,0.82,0.2836,342
0.52,0.77,0.2239,143
0.54,0.73,0.2836,219
0.6,0.6,0.2836,244
0.6,0.6,0.3881,233
0.64,0.53,0.3284,212
0.7,0.39,0.2239,264
0.72,0.34,0.3881,365
0.7,0.37,0.1045,676
0.52,0.68,0.0,351
0.56,0.56,0.1045,188
0.62,0.41,0.1642,220
0.64,0.29,0.0,267
0.66,0.27,0.2239,254
0.7,0.23,0.3284,224
0.7,0.24,0.0,283
0.72,0.25,0.19399999999999998,356
0.7,0.28,0.0896,782
0.48,0.77,0.0896,315
0.52,0.68,0.1045,164
0.56,0.6,0.1343,211
0.62,0.5,0.1343,265
0.66,0.41,0.0896,273
0.72,0.3,0.1045,258
0.72,0.32,0.2239,287
0.72,0.37,0.3881,426
0.7,0.39,0.2537,713
0.42,0.82,0.0,312
0.4,0.87,0.0896,180
0.44,0.77,0.0,207
0.44,0.82,0.1343,294
0.46,0.77,0.0896,260
0.48,0.72,0.0,202
0.46,0.82,0.1045,107
0.48,0.77,0.0,129
0.48,0.82,0.0896,258
0.5,0.72,0.1642,331
0.52,0.72,0.1343,184
0.56,0.68,0.1642,201
0.6,0.64,0.2537,282
0.62,0.61,0.2537,263
0.64,0.57,0.19399999999999998,260
0.64,0.57,0.2239,286
0.66,0.5,0.2239,385
0.64,0.53,0.2239,721
0.54,0.88,0.1642,325
0.54,0.88,0.19399999999999998,163
0.58,0.83,0.1343,230
0.6,0.78,0.2537,261
0.6,0.78,0.19399999999999998,284
0.6,0.73,0.1642,248
0.62,0.69,0.1045,244
0.62,0.66,0.2239,431
0.6,0.73,0.19399999999999998,750
0.5,0.88,0.1642,293
0.52,0.83,0.1642,154
0.52,0.83,0.1642,192
0.54,0.77,0.0,229
0.54,0.83,0.0,303
0.56,0.78,0.0,225
0.56,0.78,0.0,243
0.58,0.73,0.0,378
0.6,0.69,0.0896,729
0.5,0.94,0.0896,318
0.5,1.0,0.0896,142
0.52,0.94,0.0,219
0.54,0.88,0.19399999999999998,272
0.58,0.78,0.0896,298
0.6,0.73,0.1045,257
0.62,0.69,0.19399999999999998,304
0.64,0.65,0.19399999999999998,425
0.66,0.65,0.1642,810
0.52,0.9,0.0896,380
0.56,0.88,0.1045,275
0.62,0.73,0.1045,318
0.66,0.61,0.2239,471
0.7,0.48,0.0,428
0.72,0.42,0.1045,432
0.72,0.42,0.1343,472
0.72,0.42,0.1642,589
0.72,0.42,0.1642,957
0.46,0.47,0.2836,282
0.5,0.36,0.5821,153
0.48,0.31,0.5821,178
0.48,0.33,0.5224,279
0.48,0.29,0.6866,301
0.48,0.33,0.4478,217
0.48,0.29,0.6119,223
0.48,0.25,0.6418,305
0.46,0.24,0.4478,664
0.24,0.38,0.19399999999999998,267
0.26,0.35,0.2239,138
0.3,0.31,0.1642,175
0.32,0.31,0.1642,220
0.36,0.27,0.0,211
0.4,0.24,0.1343,184
0.42,0.2,0.0,200
0.42,0.2,0.0,305
0.44,0.16,0.0,614
0.4,0.43,0.4478,314
0.46,0.41,0.4179,173
0.5,0.42,0.3881,222
0.54,0.39,0.3582,268
0.56,0.43,0.3284,273
0.62,0.38,0.3582,221
0.62,0.41,0.2985,199
0.62,0.43,0.0896,221
0.6,0.6,0.2239,604
0.48,0.48,0.4179,321
0.46,0.47,0.4478,166
0.5,0.45,0.4179,220
0.5,0.42,0.4925,292
0.46,0.44,0.3284,273
0.5,0.42,0.3582,238
0.52,0.39,0.3582,307
0.52,0.36,0.3284,388
0.52,0.38,0.3881,703
0.34,0.57,0.1642,321
0.36,0.57,0.1045,187
0.36,0.53,0.0,201
0.38,0.54,0.0,270
0.4,0.5,0.0,242
0.4,0.54,0.0,229
0.42,0.54,0.0,280
0.4,0.62,0.2836,367
0.4,0.62,0.2239,606
0.38,0.54,0.3582,317
0.4,0.5,0.5224,204
0.42,0.47,0.4478,209
0.44,0.44,0.4478,281
0.46,0.36,0.2985,281
0.46,0.31,0.4179,268
0.48,0.33,0.4179,324
0.5,0.34,0.3284,395
0.5,0.29,0.2836,729
0.42,0.38,0.0896,408
0.44,0.33,0.0,219
0.48,0.23,0.0,258
0.52,0.25,0.0,331
0.56,0.19,0.2537,345
0.56,0.21,0.2239,311
0.6,0.2,0.19399999999999998,316
0.62,0.21,0.1642,485
0.62,0.17,0.19399999999999998,757
0.48,0.55,0.1343,363
0.54,0.45,0.1343,167
0.6,0.43,0.3582,213
0.6,0.46,0.4179,283
0.6,0.46,0.2537,251
0.62,0.46,0.19399999999999998,258
0.64,0.44,0.2836,268
0.64,0.44,0.2836,390
0.66,0.41,0.2985,744
0.4,0.37,0.2537,351
0.42,0.35,0.2836,246
0.42,0.38,0.2239,268
0.44,0.33,0.0,276
0.46,0.31,0.0,291
0.46,0.33,0.1642,287
0.5,0.31,0.1045,269
0.5,0.31,0.19399999999999998,402
0.5,0.31,0.1642,822
0.34,0.42,0.3284,376
0.36,0.4,0.3284,238
0.4,0.37,0.2985,291
0.42,0.35,0.2985,337
0.44,0.33,0.3284,411
0.48,0.29,0.3881,490
0.5,0.27,0.2836,537
0.5,0.22,0.4179,536
0.52,0.23,0.4179,655
0.46,0.31,0.3582,286
0.5,0.27,0.4925,178
0.52,0.27,0.4179,223
0.54,0.28,0.7164,280
0.54,0.28,0.5821,281
0.56,0.28,0.5522,218
0.58,0.28,0.5522,255
0.56,0.3,0.4179,391
0.54,0.32,0.4179,632
0.42,0.67,0.19399999999999998,319
0.46,0.47,0.1642,181
0.5,0.36,0.0,239
0.54,0.22,0.2836,259
0.52,0.23,0.1642,283
0.54,0.24,0.19399999999999998,224
0.56,0.21,0.2985,203
0.58,0.21,0.2537,362
0.56,0.21,0.5224,744
0.32,0.49,0.2985,302
0.34,0.49,0.3284,153
0.38,0.43,0.3284,180
0.36,0.46,0.3881,182
0.4,0.4,0.3582,163
0.36,0.57,0.19399999999999998,135
0.38,0.46,0.2239,202
0.44,0.33,0.2985,307
0.42,0.35,0.3881,579
0.36,0.57,0.3582,287
0.4,0.5,0.2985,141
0.42,0.47,0.2985,224
0.46,0.41,0.4478,259
0.48,0.36,0.4478,203
0.5,0.31,0.3284,224
0.48,0.31,0.2537,211
0.48,0.31,0.2836,353
0.5,0.27,0.3881,656
0.42,0.41,0.1642,330
0.44,0.38,0.19399999999999998,192
0.46,0.36,0.1343,233
0.5,0.31,0.0,322
0.52,0.27,0.2836,358
0.52,0.27,0.0,348
0.54,0.28,0.2537,352
0.56,0.26,0.2537,463
0.56,0.24,0.1642,738
0.6,0.38,0.4925,400
0.6,0.38,0.4179,217
0.6,0.33,0.4179,239
0.6,0.33,0.3582,244
0.62,0.29,0.2537,239
0.64,0.27,0.2836,257
0.66,0.24,0.3284,308
0.68,0.22,0.3582,370
0.64,0.25,0.2985,781
0.48,0.44,0.2985,265
0.48,0.47,0.2239,147
0.46,0.47,0.2537,119
0.46,0.51,0.1045,110
0.46,0.59,0.0,64
0.44,0.72,0.1045,51
0.42,0.77,0.19399999999999998,98
0.42,0.77,0.2239,235
0.42,0.77,0.19399999999999998,488
0.46,0.72,0.0,301
0.48,0.63,0.0896,189
0.52,0.48,0.0,229
0.54,0.49,0.0,264
0.56,0.46,0.0,238
0.58,0.43,0.0,237
0.6,0.43,0.0,262
0.62,0.41,0.1045,387
0.6,0.43,0.0896,748
0.46,0.88,0.0896,359
0.5,0.77,0.19399999999999998,237
0.54,0.68,0.1642,254
0.58,0.53,0.19399999999999998,362
0.62,0.43,0.19399999999999998,381
0.64,0.44,0.2239,394
0.64,0.47,0.19399999999999998,407
0.66,0.44,0.19399999999999998,580
0.64,0.47,0.2836,819
0.3,0.75,0.3881,272
0.32,0.7,0.3284,100
0.32,0.7,0.3582,101
0.34,0.71,0.3582,129
0.34,0.66,0.3881,107
0.36,0.62,0.4478,114
0.36,0.62,0.3881,112
0.3,0.81,0.3582,103
0.3,0.82,0.3284,232
0.4,0.47,0.3582,308
0.42,0.47,0.2985,162
0.46,0.31,0.3881,184
0.48,0.29,0.3881,224
0.5,0.29,0.3881,224
0.5,0.25,0.3881,216
0.5,0.23,0.4179,236
0.5,0.23,0.19399999999999998,362
0.52,0.22,0.3881,691
0.42,0.54,0.0,321
0.52,0.34,0.0,182
0.52,0.32,0.1343,219
0.54,0.28,0.2836,269
0.56,0.26,0.2239,228
0.56,0.22,0.3582,223
0.58,0.19,0.1642,229
0.6,0.2,0.3284,376
0.6,0.2,0.2985,732
0.46,0.88,0.1642,201
0.46,0.94,0.1642,139
0.46,0.94,0.2239,151
0.52,0.83,0.1343,204
0.5,0.82,0.1642,197
0.54,0.77,0.19399999999999998,169
0.52,0.83,0.3284,204
0.52,0.83,0.2239,318
0.54,0.77,0.1642,614
0.42,0.44,0.4925,334
0.44,0.38,0.4179,236
0.44,0.38,0.3284,233
0.46,0.36,0.3582,307
0.46,0.33,0.3881,306
0.46,0.33,0.3284,300
0.52,0.29,0.4925,324
0.52,0.29,0.2537,440
0.54,0.24,0.3881,702
0.4,0.43,0.19399999999999998,268
0.42,0.41,0.1642,157
0.44,0.44,0.1045,163
0.44,0.47,0.1343,225
0.48,0.51,0.0896,247
0.5,0.55,0.1343,218
0.52,0.55,0.1045,231
0.56,0.6,0.19399999999999998,347
0.56,0.6,0.1642,683
0.54,0.88,0.19399999999999998,349
0.62,0.78,0.2537,174
0.66,0.65,0.2836,229
0.7,0.58,0.2239,269
0.72,0.51,0.2239,249
0.74,0.48,0.2537,204
0.74,0.45,0.2239,234
0.74,0.45,0.19399999999999998,354
0.74,0.48,0.0896,681
0.56,0.88,0.0,315
0.58,0.83,0.1045,175
0.58,0.81,0.1343,184
0.58,0.83,0.2239,245
0.58,0.78,0.19399999999999998,228
0.62,0.69,0.0896,240
0.64,0.65,0.19399999999999998,256
0.64,0.65,0.1642,367
0.6,0.73,0.2537,729
0.48,0.88,0.1045,304
0.52,0.77,0.0,168
0.54,0.77,0.0,201
0.56,0.73,0.1343,301
0.6,0.69,0.19399999999999998,265
0.64,0.65,0.19399999999999998,204
0.66,0.61,0.19399999999999998,283
0.68,0.57,0.1642,370
0.72,0.54,0.1343,704
0.6,0.78,0.0,294
0.62,0.73,0.1343,199
0.7,0.61,0.0,258
0.62,0.78,0.3582,171
0.64,0.73,0.0,278
0.66,0.74,0.2836,242
0.72,0.62,0.1045,343
0.76,0.48,0.1642,440
0.7,0.54,0.4627,643
0.5,0.82,0.2239,350
0.52,0.77,0.19399999999999998,190
0.54,0.73,0.19399999999999998,213
0.56,0.68,0.2239,263
0.6,0.53,0.3284,272
0.62,0.5,0.3582,239
0.62,0.53,0.2985,262
0.6,0.53,0.3881,388
0.6,0.53,0.3284,769
0.56,0.68,0.3582,295
0.58,0.68,0.4179,157
0.6,0.64,0.3881,217
0.62,0.65,0.3284,263
0.64,0.65,0.2537,219
0.62,0.69,0.3284,71
0.62,0.73,0.2537,134
0.64,0.73,0.2239,389
0.64,0.69,0.2836,717
0.6,0.83,0.0,325
0.62,0.65,0.2537,153
0.62,0.59,0.2985,201
0.62,0.57,0.2239,280
0.64,0.53,0.2537,266
0.64,0.53,0.2537,243
0.64,0.53,0.1045,259
0.66,0.5,0.19399999999999998,357
0.64,0.53,0.1343,705
0.5,0.59,0.4627,361
0.5,0.51,0.4179,154
0.52,0.48,0.5224,256
0.52,0.48,0.4179,272
0.54,0.39,0.4478,318
0.56,0.37,0.4179,247
0.54,0.37,0.3881,271
0.58,0.3,0.4627,421
0.6,0.31,0.3881,732
0.48,0.41,0.2985,322
0.52,0.36,0.3284,210
0.56,0.35,0.2537,291
0.56,0.28,0.4179,348
0.6,0.26,0.3881,363
0.62,0.23,0.2239,334
0.62,0.25,0.19399999999999998,439
0.62,0.25,0.3284,525
0.64,0.23,0.2537,779
0.54,0.88,0.2836,110
0.54,0.88,0.2537,59
0.56,0.83,0.2239,79
0.56,0.88,0.2836,185
0.62,0.73,0.2239,176
0.62,0.73,0.2537,171
0.62,0.73,0.1642,196
0.62,0.69,0.2836,111
0.56,0.88,0.2537,229
0.58,0.88,0.0896,355
0.62,0.78,0.1045,171
0.64,0.78,0.19399999999999998,224
0.64,0.73,0.19399999999999998,264
0.64,0.73,0.19399999999999998,239
0.64,0.73,0.19399999999999998,184
0.7,0.61,0.0896,256
0.68,0.65,0.1642,374
0.68,0.65,0.1045,678
0.6,0.78,0.1343,347
0.66,0.61,0.0,192
0.7,0.54,0.1343,267
0.7,0.54,0.19399999999999998,330
0.72,0.42,0.0,350
0.72,0.42,0.0896,263
0.72,0.48,0.1045,274
0.72,0.45,0.1045,446
0.72,0.51,0.19399999999999998,873
0.54,0.52,0.4179,346
0.56,0.52,0.2537,205
0.58,0.49,0.2239,279
0.6,0.43,0.19399999999999998,348
0.62,0.41,0.19399999999999998,327
0.64,0.38,0.19399999999999998,270
0.64,0.36,0.2537,316
0.66,0.31,0.19399999999999998,430
0.66,0.31,0.1343,852
0.56,0.56,0.1045,361
0.6,0.46,0.1343,255
0.62,0.43,0.0,334
0.62,0.41,0.19399999999999998,360
0.64,0.36,0.1642,395
0.66,0.34,0.1343,350
0.66,0.36,0.19399999999999998,391
0.66,0.34,0.2537,568
0.66,0.34,0.1343,812
0.56,0.88,0.2239,186
0.58,0.88,0.2836,99
0.6,0.83,0.1642,106
0.6,0.83,0.2537,170
0.6,0.83,0.2537,184
0.6,0.83,0.19399999999999998,180
0.64,0.73,0.19399999999999998,225
0.64,0.73,0.2537,315
0.66,0.69,0.2537,508
0.6,0.83,0.1045,333
0.6,0.78,0.0896,200
0.6,0.78,0.0,189
0.62,0.78,0.1045,254
0.64,0.73,0.0,243
0.64,0.73,0.1045,222
0.7,0.61,0.0896,245
0.68,0.61,0.1045,386
0.72,0.54,0.0,785
0.62,0.78,0.0,297
0.62,0.78,0.0896,191
0.64,0.73,0.0,197
0.66,0.69,0.0896,248
0.66,0.74,0.1642,270
0.68,0.65,0.1343,248
0.7,0.61,0.0,257
0.7,0.61,0.0896,278
0.64,0.69,0.1045,285
0.62,0.73,0.1642,301
0.64,0.65,0.1343,185
0.66,0.65,0.1343,221
0.7,0.58,0.1045,289
0.72,0.54,0.1642,302
0.74,0.55,0.2239,252
0.74,0.55,0.2537,291
0.74,0.55,0.3582,390
0.74,0.55,0.2836,798
0.64,0.89,0.1343,340
0.68,0.79,0.1642,232
0.68,0.79,0.1343,283
0.72,0.66,0.1045,321
0.74,0.62,0.1343,333
0.74,0.58,0.1343,367
0.76,0.62,0.19399999999999998,466
0.78,0.52,0.2239,584
0.76,0.62,0.2836,653
0.72,0.7,0.2537,257
0.74,0.7,0.2985,183
0.76,0.62,0.2985,197
0.8,0.55,0.3284,237
0.82,0.52,0.3881,239
0.82,0.52,0.4179,238
0.82,0.49,0.3881,256
0.82,0.49,0.4925,393
0.82,0.46,0.4179,781
0.62,0.69,0.19399999999999998,305
0.62,0.69,0.2836,177
0.66,0.65,0.19399999999999998,208
0.7,0.54,0.0,253
0.7,0.51,0.0,289
0.72,0.42,0.1343,252
0.72,0.51,0.1343,275
0.72,0.51,0.1642,398
0.74,0.48,0.0896,839
0.66,0.47,0.2537,311
0.7,0.39,0.3881,220
0.72,0.37,0.2836,218
0.72,0.37,0.19399999999999998,292
0.74,0.35,0.1343,293
0.76,0.31,0.19399999999999998,254
0.76,0.33,0.2985,290
0.76,0.33,0.2836,487
0.76,0.31,0.1642,827
0.64,0.83,0.2239,298
0.66,0.78,0.2836,204
0.7,0.74,0.2836,235
0.7,0.74,0.3582,310
0.72,0.7,0.2985,316
0.72,0.66,0.2836,254
0.72,0.66,0.2836,258
0.74,0.58,0.4478,222
0.7,0.7,0.2537,227
0.62,0.43,0.2836,282
0.64,0.41,0.4627,187
0.64,0.38,0.4925,239
0.64,0.41,0.4478,282
0.64,0.41,0.3582,274
0.62,0.41,0.4925,270
0.66,0.39,0.2985,292
0.66,0.39,0.4627,448
0.64,0.38,0.4478,834
0.52,0.72,0.2537,335
0.52,0.63,0.2985,176
0.56,0.56,0.19399999999999998,227
0.54,0.56,0.2239,247
0.6,0.46,0.1642,267
0.58,0.46,0.1642,276
0.58,0.46,0.1343,272
0.6,0.43,0.19399999999999998,473
0.6,0.43,0.0,850
0.56,0.6,0.0896,303
0.6,0.46,0.0896,203
0.62,0.43,0.0896,226
0.62,0.38,0.0,315
0.62,0.41,0.0896,303
0.64,0.38,0.0,302
0.64,0.38,0.0,300
0.64,0.41,0.1343,452
0.62,0.43,0.1343,724
0.58,0.68,0.0,337
0.6,0.64,0.0896,210
0.66,0.47,0.2239,237
0.7,0.42,0.0,336
0.7,0.37,0.2836,315
0.72,0.37,0.2537,265
0.74,0.3,0.0,333
0.72,0.34,0.2239,466
0.72,0.34,0.2537,869
0.62,0.53,0.1642,382
0.66,0.47,0.2537,249
0.7,0.42,0.2537,264
0.72,0.39,0.3284,369
0.74,0.37,0.2537,416
0.76,0.31,0.3881,373
0.76,0.29,0.2836,397
0.76,0.29,0.2985,523
0.76,0.29,0.19399999999999998,793
0.7,0.65,0.1343,316
0.72,0.62,0.1642,147
0.76,0.48,0.2239,202
0.8,0.43,0.19399999999999998,261
0.8,0.41,0.2985,248
0.82,0.34,0.2836,259
0.8,0.41,0.3582,259
0.8,0.41,0.4179,427
0.8,0.41,0.3582,800
0.64,0.89,0.2836,285
0.64,0.89,0.2836,125
0.66,0.83,0.3582,65
0.66,0.83,0.2537,95
0.66,0.83,0.19399999999999998,59
0.64,0.89,0.2537,60
0.66,0.89,0.19399999999999998,116
0.66,0.89,0.2836,239
0.66,0.89,0.2836,681
0.64,0.69,0.5821,352
0.64,0.65,0.4179,198
0.66,0.54,0.4478,246
0.68,0.44,0.4179,334
0.7,0.45,0.3881,255
0.72,0.37,0.4179,320
0.72,0.32,0.4925,281
0.72,0.3,0.4925,392
0.72,0.32,0.4925,857
0.62,0.61,0.2239,357
0.64,0.65,0.4179,179
0.66,0.57,0.2537,228
0.66,0.61,0.2239,265
0.68,0.57,0.1642,284
0.7,0.54,0.2836,298
0.74,0.48,0.2985,324
0.72,0.51,0.2836,438
0.72,0.48,0.2239,867
0.62,0.65,0.1642,366
0.64,0.57,0.1642,216
0.66,0.5,0.19399999999999998,286
0.7,0.45,0.1642,403
0.7,0.42,0.2537,393
0.72,0.39,0.19399999999999998,376
0.72,0.39,0.19399999999999998,377
0.72,0.37,0.19399999999999998,558
0.74,0.37,0.2836,823
0.54,0.83,0.2239,250
0.54,0.88,0.1045,91
0.54,0.88,0.1642,121
0.56,0.78,0.1343,168
0.58,0.73,0.1343,225
0.58,0.68,0.19399999999999998,219
0.6,0.69,0.19399999999999998,237
0.6,0.73,0.19399999999999998,332
0.6,0.73,0.19399999999999998,723
0.64,0.73,0.0896,328
0.64,0.73,0.0896,180
0.66,0.69,0.1343,230
0.7,0.65,0.0896,292
0.74,0.58,0.1343,272
0.76,0.58,0.1045,227
0.78,0.59,0.1642,259
0.8,0.55,0.2239,334
0.8,0.55,0.19399999999999998,811
0.72,0.74,0.0,316
0.82,0.52,0.1343,167
0.84,0.49,0.19399999999999998,188
0.86,0.47,0.1642,180
0.86,0.44,0.1045,211
0.88,0.39,0.19399999999999998,190
0.9,0.35,0.0,179
0.9,0.35,0.1045,335
0.9,0.37,0.0,691
0.8,0.55,0.19399999999999998,256
0.84,0.49,0.1045,150
0.86,0.41,0.1343,161
0.9,0.35,0.19399999999999998,215
0.9,0.35,0.0,172
0.88,0.37,0.1642,176
0.92,0.33,0.1642,194
0.9,0.35,0.1343,320
0.88,0.37,0.0,615
0.76,0.58,0.2239,333
0.8,0.52,0.3582,185
0.8,0.49,0.1642,236
0.84,0.49,0.1343,254
0.88,0.39,0.2239,300
0.88,0.39,0.2239,263
0.9,0.35,0.3582,284
0.9,0.31,0.2239,380
0.82,0.38,0.1642,646
0.7,0.65,0.19399999999999998,268
0.76,0.55,0.1642,184
0.8,0.43,0.3284,181
0.76,0.45,0.2985,270
0.72,0.51,0.2985,260
0.78,0.43,0.2537,251
0.78,0.38,0.4627,233
0.8,0.31,0.3881,414
0.8,0.24,0.4627,833
0.58,0.46,0.4179,328
0.62,0.41,0.3582,190
0.64,0.36,0.4179,235
0.66,0.34,0.4478,308
0.7,0.3,0.4627,306
0.7,0.3,0.4627,267
0.72,0.28,0.4627,317
0.72,0.26,0.4925,416
0.72,0.28,0.4179,900
0.66,0.41,0.3582,282
0.7,0.37,0.2537,172
0.74,0.3,0.3284,209
0.76,0.29,0.2985,322
0.8,0.27,0.3284,321
0.8,0.24,0.3582,270
0.8,0.26,0.4627,249
0.82,0.24,0.4478,392
0.82,0.24,0.3881,843
0.7,0.54,0.1642,351
0.74,0.48,0.19399999999999998,184
0.8,0.31,0.19399999999999998,211
0.84,0.26,0.2836,276
0.86,0.26,0.2239,236
0.86,0.25,0.3284,254
0.86,0.25,0.3284,219
0.88,0.23,0.19399999999999998,387
0.88,0.22,0.19399999999999998,705
0.76,0.55,0.1642,300
0.9,0.39,0.2985,171
0.9,0.42,0.2836,188
0.92,0.4,0.2537,226
0.94,0.38,0.19399999999999998,239
0.96,0.36,0.2239,233
0.96,0.36,0.0,230
0.96,0.36,0.0,351
0.98,0.34,0.19399999999999998,539
0.78,0.46,0.2537,295
0.8,0.43,0.2537,174
0.84,0.28,0.2985,201
0.84,0.32,0.19399999999999998,257
0.86,0.34,0.2239,236
0.86,0.34,0.2239,230
0.84,0.36,0.19399999999999998,234
0.84,0.36,0.2836,365
0.84,0.32,0.1343,747
0.8,0.49,0.1642,272
0.82,0.43,0.2239,209
0.86,0.34,0.19399999999999998,217
0.88,0.28,0.19399999999999998,272
0.9,0.25,0.1343,283
0.9,0.25,0.19399999999999998,310
0.9,0.24,0.0,401
0.9,0.24,0.19399999999999998,527
0.86,0.3,0.1642,722
0.84,0.49,0.2985,293
0.86,0.44,0.3582,186
0.9,0.35,0.2985,244
0.9,0.35,0.3582,276
0.92,0.33,0.2239,310
0.92,0.33,0.3284,241
0.92,0.33,0.3582,254
0.92,0.33,0.2537,433
0.92,0.35,0.1642,689
0.82,0.36,0.1343,304
0.86,0.3,0.0,210
0.84,0.32,0.0896,233
0.88,0.28,0.1045,331
0.9,0.27,0.1045,293
0.9,0.31,0.1642,275
0.92,0.29,0.19399999999999998,285
0.92,0.29,0.1045,369
0.92,0.29,0.0,576
0.66,0.83,0.1642,363
0.66,0.83,0.19399999999999998,175
0.72,0.62,0.1343,216
0.74,0.58,0.1343,266
0.76,0.55,0.2537,255
0.74,0.55,0.2537,242
0.76,0.45,0.2239,280
0.78,0.4,0.2836,413
0.78,0.4,0.1642,849
0.74,0.66,0.1343,331
0.76,0.62,0.19399999999999998,190
0.8,0.46,0.19399999999999998,249
0.8,0.41,0.1343,272
0.82,0.38,0.19399999999999998,280
0.82,0.38,0.1642,242
0.8,0.41,0.2239,265
0.8,0.43,0.2239,435
0.78,0.49,0.19399999999999998,872
0.7,0.74,0.1343,328
0.72,0.62,0.1343,195
0.76,0.58,0.1343,229
0.78,0.43,0.0,292
0.8,0.42,0.1642,273
0.8,0.41,0.2239,241
0.8,0.41,0.2537,276
0.8,0.38,0.19399999999999998,411
0.8,0.31,0.2239,830
0.72,0.58,0.1045,327
0.74,0.48,0.1642,214
0.76,0.45,0.1045,215
0.78,0.35,0.1343,292
0.8,0.33,0.2239,277
0.78,0.33,0.2239,209
0.8,0.36,0.19399999999999998,271
0.8,0.36,0.19399999999999998,439
0.76,0.43,0.2239,795
0.72,0.51,0.0,414
0.74,0.48,0.0,268
0.76,0.45,0.1343,288
0.76,0.4,0.1045,379
0.8,0.38,0.1343,374
0.8,0.38,0.0,369
0.8,0.36,0.1045,353
0.8,0.36,0.2239,492
0.8,0.36,0.1642,835
0.76,0.62,0.1642,348
0.8,0.59,0.0,186
0.84,0.53,0.2239,182
0.84,0.49,0.1343,237
0.84,0.49,0.2836,239
0.88,0.42,0.1045,212
0.86,0.47,0.2537,237
0.76,0.66,0.5821,386
0.76,0.66,0.5821,755
0.82,0.49,0.2239,320
0.84,0.49,0.19399999999999998,159
0.86,0.47,0.0,206
0.9,0.35,0.0,254
0.92,0.31,0.19399999999999998,221
0.94,0.29,0.2537,214
0.92,0.31,0.1642,244
0.92,0.29,0.1642,381
0.92,0.29,0.0,770
0.82,0.56,0.0,297
0.9,0.42,0.19399999999999998,138
0.9,0.42,0.0,183
0.92,0.37,0.1343,202
0.94,0.33,0.0,203
0.94,0.38,0.3284,170
0.92,0.35,0.3582,194
0.74,0.66,0.2537,224
0.74,0.7,0.2537,370
0.76,0.58,0.2836,318
0.76,0.58,0.19399999999999998,198
0.8,0.55,0.1045,216
0.84,0.49,0.2836,274
0.84,0.47,0.1343,254
0.86,0.44,0.0896,197
0.84,0.47,0.0896,292
0.84,0.47,0.0896,358
0.86,0.41,0.0,771
0.7,0.79,0.1343,373
0.7,0.79,0.1642,233
0.72,0.74,0.19399999999999998,212
0.68,0.83,0.1642,274
0.68,0.83,0.1045,156
0.7,0.84,0.1642,229
0.7,0.84,0.2985,216
0.68,0.83,0.3284,436
0.66,0.89,0.4179,715
0.74,0.74,0.1343,345
0.78,0.62,0.0,200
0.8,0.52,0.1642,198
0.8,0.52,0.1642,314
0.8,0.52,0.1045,240
0.78,0.59,0.1642,271
0.8,0.55,0.19399999999999998,281
0.82,0.52,0.1343,457
0.82,0.52,0.1343,847
0.84,0.53,0.0,339
0.82,0.56,0.2985,218
0.84,0.53,0.3284,201
0.82,0.56,0.2239,229
0.84,0.53,0.2985,273
0.84,0.53,0.2239,244
0.82,0.49,0.2985,285
0.8,0.55,0.2985,455
0.8,0.52,0.3284,869
0.72,0.37,0.2985,342
0.74,0.37,0.0,231
0.76,0.33,0.0,281
0.76,0.33,0.0,310
0.78,0.31,0.1642,312
0.8,0.29,0.1343,247
0.78,0.31,0.0896,317
0.8,0.29,0.1642,484
0.8,0.31,0.0,913
0.72,0.7,0.1343,344
0.74,0.7,0.2239,222
0.8,0.66,0.2239,212
0.84,0.56,0.2537,279
0.86,0.53,0.2985,242
0.9,0.47,0.2537,213
0.92,0.42,0.2985,238
0.94,0.38,0.3881,374
0.9,0.45,0.4179,738
0.82,0.49,0.2836,363
0.84,0.47,0.0,231
0.84,0.47,0.3284,251
0.84,0.49,0.3582,299
0.84,0.47,0.2836,314
0.86,0.47,0.2985,326
0.86,0.41,0.2239,323
0.84,0.47,0.2239,499
0.86,0.41,0.2836,699
0.74,0.7,0.0,293
0.74,0.66,0.2239,189
0.78,0.55,0.1343,215
0.76,0.58,0.1045,278
0.8,0.49,0.1642,226
0.8,0.49,0.2239,254
0.8,0.49,0.2537,236
0.8,0.49,0.2836,425
0.76,0.55,0.3284,827
0.72,0.7,0.1045,333
0.72,0.66,0.0,227
0.76,0.58,0.0,224
0.8,0.46,0.0,248
0.8,0.55,0.2836,288
0.8,0.55,0.2836,260
0.76,0.62,0.1343,144
0.76,0.58,0.2239,402
0.78,0.52,0.2239,820
0.68,0.74,0.0896,350
0.72,0.66,0.0896,236
0.76,0.58,0.0896,234
0.8,0.49,0.1045,284
0.8,0.52,0.1642,280
0.82,0.46,0.1642,263
0.82,0.46,0.1642,295
0.8,0.55,0.2836,479
0.8,0.49,0.1642,837
0.76,0.66,0.1045,343
0.8,0.55,0.0,181
0.82,0.52,0.1045,226
0.84,0.44,0.1343,286
0.86,0.44,0.2239,310
0.86,0.41,0.1343,225
0.78,0.62,0.4627,270
0.82,0.46,0.19399999999999998,406
0.82,0.52,0.2537,865
0.74,0.66,0.1045,396
0.8,0.52,0.19399999999999998,249
0.84,0.49,0.2836,263
0.86,0.5,0.2985,338
0.86,0.47,0.2836,345
0.86,0.44,0.2537,331
0.88,0.42,0.2537,380
0.86,0.41,0.2239,492
0.84,0.53,0.2836,741
0.7,0.79,0.1642,276
0.74,0.7,0.2239,213
0.76,0.66,0.1343,260
0.78,0.55,0.0896,285
0.8,0.49,0.2239,289
0.82,0.46,0.0,287
0.82,0.46,0.1343,274
0.84,0.41,0.1045,451
0.82,0.41,0.0,858
0.7,0.74,0.1343,327
0.74,0.7,0.1343,250
0.76,0.66,0.0896,214
0.8,0.55,0.1343,283
0.8,0.52,0.19399999999999998,253
0.82,0.46,0.0,261
0.8,0.52,0.0,306
0.76,0.66,0.2836,445
0.78,0.62,0.1343,868
0.76,0.66,0.0,341
0.8,0.52,0.1343,214
0.8,0.52,0.0,239
0.8,0.52,0.0,280
0.8,0.52,0.0,313
0.8,0.52,0.2537,236
0.84,0.44,0.19399999999999998,278
0.8,0.49,0.2836,441
0.8,0.55,0.2836,858
0.76,0.66,0.1642,353
0.8,0.55,0.2239,205
0.84,0.44,0.0,260
0.84,0.44,0.1045,277
0.86,0.41,0.1045,281
0.88,0.32,0.2239,247
0.88,0.32,0.2239,267
0.86,0.39,0.2537,417
0.86,0.36,0.2537,810
0.64,0.89,0.0,220
0.66,0.89,0.1045,193
0.68,0.79,0.1343,251
0.74,0.66,0.3582,315
0.76,0.58,0.3582,290
0.76,0.58,0.3582,307
0.8,0.52,0.4478,324
0.78,0.55,0.2985,467
0.8,0.52,0.2836,730
0.74,0.45,0.0,305
0.76,0.4,0.0,199
0.76,0.4,0.0896,245
0.78,0.4,0.19399999999999998,276
0.78,0.4,0.1642,254
0.8,0.33,0.1045,248
0.82,0.34,0.2239,274
0.8,0.36,0.0896,464
0.8,0.36,0.1642,818
0.7,0.74,0.0,402
0.7,0.79,0.1045,208
0.74,0.62,0.0,196
0.78,0.49,0.1343,300
0.8,0.46,0.0896,286
0.82,0.41,0.2239,255
0.82,0.46,0.2239,283
0.82,0.43,0.2239,458
0.76,0.66,0.2537,812
0.72,0.62,0.19399999999999998,367
0.72,0.62,0.19399999999999998,233
0.74,0.58,0.19399999999999998,235
0.74,0.55,0.2239,307
0.78,0.49,0.19399999999999998,294
0.76,0.52,0.2985,255
0.76,0.52,0.2537,266
0.76,0.48,0.19399999999999998,431
0.74,0.55,0.2836,851
0.72,0.54,0.1045,337
0.74,0.48,0.1343,199
0.76,0.37,0.0896,274
0.8,0.33,0.1045,343
0.8,0.31,0.2239,300
0.82,0.32,0.0,248
0.8,0.33,0.2537,260
0.82,0.32,0.2239,419
0.82,0.34,0.19399999999999998,897
0.7,0.58,0.1045,378
0.74,0.55,0.1642,231
0.76,0.52,0.2836,303
0.82,0.41,0.2239,365
0.84,0.36,0.3881,357
0.86,0.34,0.4179,328
0.86,0.3,0.4627,383
0.84,0.32,0.4478,488
0.82,0.36,0.3284,791
0.64,0.69,0.0,357
0.64,0.69,0.0896,193
0.66,0.65,0.1045,241
0.66,0.61,0.1045,282
0.7,0.58,0.1343,291
0.72,0.54,0.1642,275
0.72,0.54,0.2537,309
0.72,0.54,0.2537,460
0.7,0.58,0.2836,893
0.64,0.69,0.0,328
0.66,0.61,0.1045,178
0.7,0.54,0.0,256
0.72,0.45,0.0,305
0.74,0.4,0.0,331
0.76,0.37,0.0896,302
0.76,0.37,0.0,302
0.76,0.37,0.0,467
0.74,0.51,0.2836,878
0.68,0.65,0.0,376
0.7,0.61,0.0896,225
0.72,0.58,0.0896,267
0.74,0.51,0.0,312
0.76,0.48,0.1045,316
0.76,0.45,0.1045,266
0.76,0.48,0.1343,316
0.74,0.55,0.2239,460
0.74,0.55,0.2239,783
0.7,0.7,0.0,412
0.74,0.58,0.0896,233
0.76,0.48,0.0896,278
0.78,0.38,0.0,332
0.82,0.38,0.0896,346
0.78,0.46,0.2239,305
0.78,0.46,0.1343,305
0.76,0.48,0.1642,465
0.76,0.45,0.2239,820
0.72,0.58,0.0,389
0.76,0.48,0.0,262
0.76,0.48,0.1045,281
0.76,0.45,0.0896,371
0.8,0.41,0.1045,351
0.78,0.43,0.1045,338
0.76,0.48,0.1343,350
0.76,0.48,0.1343,515
0.74,0.51,0.2239,812
0.66,0.83,0.1045,342
0.72,0.74,0.1343,206
0.74,0.66,0.19399999999999998,229
0.76,0.62,0.0,283
0.76,0.57,0.1642,288
0.8,0.49,0.0896,246
0.8,0.55,0.2985,282
0.8,0.55,0.2537,444
0.8,0.46,0.2239,845
0.7,0.79,0.1642,395
0.74,0.62,0.2537,204
0.78,0.55,0.2537,218
0.8,0.49,0.2836,297
0.82,0.43,0.2985,288
0.84,0.38,0.3284,251
0.82,0.34,0.2985,317
0.82,0.33,0.3284,480
0.8,0.35,0.3881,864
0.7,0.51,0.19399999999999998,348
0.72,0.48,0.1642,178
0.72,0.45,0.0,253
0.76,0.4,0.0,360
0.74,0.42,0.0,300
0.76,0.4,0.0896,301
0.76,0.4,0.19399999999999998,338
0.76,0.37,0.1343,493
0.78,0.35,0.2239,870
0.7,0.58,0.0,396
0.72,0.54,0.0,234
0.76,0.4,0.0896,276
0.76,0.45,0.1343,294
0.76,0.48,0.1045,290
0.76,0.48,0.1343,273
0.8,0.46,0.1642,338
0.8,0.43,0.1642,482
0.82,0.34,0.2239,844
0.74,0.7,0.0,398
0.76,0.62,0.0896,256
0.86,0.28,0.2985,309
0.86,0.26,0.2537,410
0.88,0.27,0.3284,368
0.9,0.25,0.2239,436
0.9,0.27,0.2985,526
0.9,0.27,0.2537,528
0.88,0.32,0.1642,617
0.72,0.79,0.2239,323
0.72,0.74,0.2537,172
0.74,0.7,0.2836,198
0.76,0.7,0.2836,287
0.8,0.55,0.4478,275
0.8,0.55,0.4179,274
0.8,0.59,0.4627,292
0.76,0.7,0.4179,458
0.76,0.7,0.3582,856
0.74,0.7,0.2537,290
0.76,0.7,0.1642,235
0.78,0.62,0.1642,217
0.78,0.7,0.1045,266
0.8,0.63,0.1642,234
0.82,0.56,0.1045,211
0.78,0.7,0.19399999999999998,245
0.76,0.7,0.2537,430
0.76,0.66,0.2537,863
0.66,0.94,0.1343,123
0.66,0.94,0.1343,49
0.7,0.84,0.1642,62
0.72,0.79,0.2239,137
0.72,0.79,0.1045,191
0.74,0.74,0.0896,216
0.74,0.66,0.19399999999999998,270
0.74,0.7,0.2239,416
0.74,0.7,0.2537,808
0.7,0.79,0.1343,344
0.72,0.74,0.1343,224
0.76,0.62,0.1343,296
0.78,0.59,0.1642,323
0.8,0.59,0.2537,354
0.8,0.59,0.2537,253
0.8,0.55,0.2537,331
0.8,0.55,0.2836,470
0.78,0.59,0.3284,772
0.6,0.53,0.2985,361
0.62,0.5,0.2836,210
0.62,0.43,0.2985,236
0.64,0.44,0.3881,332
0.64,0.38,0.2239,323
0.66,0.36,0.2836,340
0.66,0.31,0.3881,346
0.66,0.34,0.3284,488
0.66,0.34,0.3284,871
0.6,0.49,0.0,358
0.62,0.38,0.0,196
0.64,0.33,0.0896,247
0.64,0.33,0.0,316
0.66,0.29,0.0896,328
0.68,0.3,0.0896,255
0.7,0.28,0.1045,326
0.7,0.28,0.1343,536
0.7,0.28,0.0,970
0.6,0.64,0.1343,328
0.62,0.61,0.1343,205
0.66,0.5,0.19399999999999998,232
0.68,0.36,0.1343,352
0.7,0.34,0.1343,323
0.7,0.37,0.1642,278
0.72,0.37,0.1343,318
0.72,0.37,0.1642,509
0.7,0.41,0.2985,925
0.6,0.64,0.0896,338
0.64,0.61,0.0896,212
0.66,0.5,0.1642,254
0.68,0.44,0.1045,297
0.7,0.42,0.0,283
0.72,0.39,0.1343,274
0.72,0.42,0.1045,352
0.72,0.39,0.0896,491
0.72,0.42,0.19399999999999998,884
0.62,0.78,0.1642,347
0.68,0.65,0.0,246
0.68,0.61,0.1045,280
0.7,0.54,0.19399999999999998,409
0.7,0.54,0.19399999999999998,408
0.72,0.45,0.1642,371
0.72,0.48,0.1343,367
0.72,0.51,0.0,563
0.72,0.51,0.19399999999999998,894
0.58,0.68,0.1343,299
0.62,0.65,0.19399999999999998,202
0.62,0.69,0.2239,252
0.62,0.69,0.19399999999999998,295
0.64,0.65,0.2537,343
0.64,0.65,0.2537,332
0.64,0.65,0.2537,338
0.64,0.69,0.2537,453
0.64,0.65,0.2239,842
0.66,0.83,0.5821,293
0.68,0.79,0.6418,160
0.68,0.79,0.6418,151
0.68,0.83,0.4478,88
0.7,0.74,0.5821,114
0.6,0.94,0.4627,143
0.6,0.88,0.2537,36
0.6,0.88,0.2985,141
0.6,0.88,0.19399999999999998,338
0.54,0.6,0.2537,362
0.56,0.52,0.19399999999999998,192
0.6,0.43,0.2537,247
0.6,0.43,0.2537,313
0.6,0.4,0.2537,289
0.62,0.38,0.2537,286
0.62,0.35,0.0,311
0.62,0.35,0.0,466
0.6,0.38,0.2239,886
0.56,0.6,0.0896,355
0.58,0.53,0.0896,190
0.62,0.43,0.0,243
0.62,0.43,0.1343,290
0.64,0.44,0.1343,336
0.64,0.47,0.19399999999999998,298
0.66,0.47,0.19399999999999998,291
0.64,0.47,0.1642,457
0.64,0.5,0.2239,976
0.58,0.68,0.1343,383
0.62,0.61,0.2239,225
0.66,0.57,0.2239,321
0.68,0.57,0.1642,389
0.7,0.54,0.1642,421
0.7,0.54,0.2985,412
0.7,0.54,0.2239,423
0.7,0.54,0.19399999999999998,567
0.68,0.57,0.2836,846
0.52,0.52,0.19399999999999998,328
0.54,0.49,0.2239,198
0.56,0.37,0.19399999999999998,238
0.56,0.35,0.2985,342
0.6,0.31,0.2985,328
0.6,0.28,0.0,303
0.6,0.31,0.0,300
0.58,0.3,0.2537,516
0.58,0.3,0.0,898
0.54,0.56,0.2537,409
0.56,0.52,0.2985,170
0.6,0.46,0.2985,218
0.62,0.43,0.2836,302
0.64,0.47,0.2537,305
0.66,0.39,0.3284,293
0.66,0.36,0.3284,303
0.66,0.39,0.2985,495
0.66,0.39,0.2836,967
0.6,0.64,0.19399999999999998,334
0.6,0.73,0.2836,185
0.64,0.61,0.2537,227
0.68,0.61,0.2239,316
0.7,0.58,0.2239,340
0.74,0.48,0.2836,277
0.74,0.48,0.2985,300
0.74,0.45,0.2836,468
0.74,0.48,0.2985,953
0.66,0.65,0.0,335
0.7,0.51,0.2836,208
0.72,0.51,0.1642,294
0.74,0.48,0.1343,335
0.74,0.48,0.0,326
0.76,0.45,0.0896,258
0.76,0.45,0.0,296
0.72,0.58,0.3284,472
0.66,0.69,0.2985,905
0.62,0.83,0.1045,426
0.64,0.78,0.1343,245
0.66,0.69,0.0,361
0.7,0.54,0.2537,380
0.7,0.51,0.2537,410
0.7,0.54,0.2537,399
0.68,0.54,0.2836,392
0.66,0.5,0.2239,502
0.66,0.54,0.2985,808
0.52,0.63,0.0,340
0.54,0.56,0.0,179
0.58,0.46,0.0,272
0.6,0.43,0.1642,323
0.6,0.43,0.1642,305
0.6,0.43,0.1045,244
0.62,0.43,0.1343,329
0.62,0.46,0.2537,459
0.56,0.6,0.2537,856
0.58,0.88,0.1343,86
0.58,0.88,0.1343,45
0.58,0.94,0.1343,99
0.6,0.88,0.19399999999999998,104
0.6,0.88,0.1343,154
0.6,0.88,0.1343,163
0.62,0.83,0.1343,209
0.62,0.88,0.1343,374
0.62,0.88,0.1045,715
0.62,0.83,0.19399999999999998,362
0.66,0.78,0.1642,175
0.66,0.78,0.1642,230
0.7,0.7,0.1045,358
0.7,0.74,0.1045,279
0.72,0.7,0.1642,251
0.72,0.62,0.1642,319
0.72,0.58,0.0,478
0.7,0.65,0.0,917
0.64,0.89,0.19399999999999998,359
0.66,0.83,0.1343,177
0.7,0.7,0.1045,214
0.72,0.54,0.19399999999999998,288
0.72,0.58,0.3284,294
0.7,0.61,0.2537,267
0.72,0.54,0.2836,325
0.7,0.54,0.2836,497
0.7,0.51,0.2239,901
0.6,0.6,0.0896,384
0.66,0.54,0.0,260
0.7,0.48,0.19399999999999998,304
0.72,0.42,0.1642,468
0.7,0.48,0.0,424
0.74,0.37,0.2239,400
0.72,0.39,0.2537,470
0.72,0.37,0.0,634
0.7,0.42,0.1642,900
0.42,0.77,0.2239,382
0.44,0.75,0.2239,164
0.48,0.69,0.19399999999999998,193
0.48,0.69,0.19399999999999998,260
0.5,0.67,0.1343,238
0.54,0.64,0.19399999999999998,244
0.52,0.63,0.1642,254
0.5,0.72,0.1642,424
0.52,0.68,0.1642,806
0.54,0.6,0.2836,366
0.56,0.52,0.2985,217
0.54,0.52,0.19399999999999998,291
0.54,0.56,0.2239,390
0.56,0.49,0.0,297
0.6,0.4,0.1642,271
0.6,0.4,0.1642,319
0.6,0.4,0.2239,566
0.58,0.43,0.2239,948
0.4,0.43,0.3881,355
0.44,0.41,0.3582,204
0.46,0.36,0.0,251
0.46,0.36,0.0,326
0.5,0.31,0.1045,291
0.52,0.32,0.0896,348
0.52,0.34,0.1642,460
0.5,0.36,0.1343,481
0.5,0.39,0.2836,827
0.5,0.39,0.2985,400
0.52,0.36,0.2985,275
0.54,0.37,0.3582,313
0.54,0.39,0.4627,387
0.56,0.37,0.3881,381
0.56,0.37,0.4627,371
0.52,0.42,0.4478,455
0.46,0.41,0.3582,520
0.46,0.38,0.3881,837
0.6,0.69,0.3881,359
0.6,0.73,0.3881,168
0.6,0.73,0.3881,263
0.6,0.78,0.3284,284
0.56,0.88,0.2239,146
0.6,0.78,0.2836,185
0.6,0.78,0.3284,260
0.56,0.64,0.2985,447
0.56,0.64,0.2537,766
0.48,0.55,0.2537,355
0.5,0.48,0.2836,222
0.5,0.45,0.4179,228
0.52,0.45,0.3284,325
0.52,0.45,0.2836,328
0.54,0.39,0.2537,308
0.54,0.41,0.3284,346
0.54,0.39,0.2836,446
0.52,0.39,0.19399999999999998,943
0.42,0.77,0.0,382
0.46,0.67,0.0,228
0.5,0.51,0.0896,234
0.52,0.48,0.1642,332
0.54,0.49,0.1343,310
0.56,0.43,0.1642,270
0.58,0.43,0.2239,301
0.56,0.52,0.19399999999999998,466
0.54,0.56,0.1045,888
0.5,0.77,0.1642,387
0.52,0.68,0.2239,218
0.56,0.56,0.2239,268
0.6,0.53,0.2537,377
0.62,0.53,0.3582,332
0.62,0.5,0.2985,285
0.6,0.6,0.19399999999999998,353
0.6,0.56,0.2836,450
0.58,0.64,0.3284,890
0.54,0.94,0.1045,389
0.58,0.88,0.19399999999999998,224
0.6,0.83,0.19399999999999998,252
0.64,0.69,0.2239,332
0.62,0.73,0.2239,375
0.66,0.61,0.2537,365
0.64,0.65,0.2985,395
0.62,0.69,0.3582,565
0.62,0.69,0.3582,425
0.46,0.63,0.0896,360
0.5,0.55,0.0,212
0.56,0.37,0.1642,211
0.58,0.35,0.0,283
0.62,0.29,0.1642,315
0.62,0.27,0.19399999999999998,282
0.64,0.29,0.1642,296
0.62,0.33,0.1642,524
0.62,0.33,0.1045,922
0.5,0.72,0.1045,334
0.54,0.6,0.0,221
0.6,0.53,0.0,253
0.62,0.46,0.0896,378
0.64,0.44,0.0,303
0.68,0.41,0.1642,296
0.68,0.41,0.2239,346
0.68,0.44,0.0896,541
0.68,0.41,0.0,938
0.52,0.77,0.0896,373
0.54,0.73,0.0,171
0.58,0.64,0.0,236
0.62,0.61,0.0896,316
0.66,0.54,0.0,306
0.74,0.3,0.2537,301
0.7,0.39,0.1045,308
0.74,0.33,0.1343,532
0.66,0.47,0.0,963
0.52,0.83,0.19399999999999998,343
0.54,0.83,0.1343,225
0.54,0.83,0.1045,238
0.56,0.78,0.1045,319
0.56,0.78,0.0,313
0.6,0.73,0.1343,285
0.62,0.65,0.1343,305
0.6,0.69,0.1642,499
0.6,0.69,0.1642,886
0.54,0.88,0.1343,403
0.54,0.88,0.1045,197
0.56,0.78,0.1642,290
0.58,0.73,0.19399999999999998,392
0.58,0.68,0.1343,337
0.6,0.64,0.1343,351
0.62,0.61,0.1045,448
0.58,0.73,0.1642,582
0.56,0.76,0.19399999999999998,817
0.3,0.81,0.3582,116
0.3,0.81,0.3582,126
0.3,0.87,0.2537,124
0.3,0.87,0.2537,98
0.3,0.87,0.2239,124
0.34,0.76,0.1343,297
0.36,0.71,0.2836,168
0.36,0.66,0.2239,189
0.4,0.58,0.19399999999999998,241
0.42,0.5,0.2239,213
0.42,0.5,0.2239,224
0.42,0.54,0.1642,230
0.42,0.54,0.2239,424
0.4,0.58,0.1642,723
0.36,0.57,0.1045,331
0.36,0.62,0.19399999999999998,146
0.36,0.62,0.19399999999999998,170
0.38,0.62,0.1642,221
0.4,0.58,0.1642,248
0.4,0.5,0.2239,185
0.4,0.54,0.1642,214
0.4,0.54,0.1642,344
0.4,0.5,0.2239,689
0.34,0.53,0.1045,382
0.38,0.46,0.2985,204
0.42,0.41,0.4179,221
0.42,0.41,0.3582,292
0.4,0.43,0.3582,294
0.4,0.4,0.4925,262
0.4,0.4,0.4179,306
0.38,0.4,0.3284,421
0.38,0.4,0.3284,638
0.3,0.52,0.2836,257
0.32,0.49,0.2836,142
0.34,0.46,0.2239,150
0.36,0.43,0.3284,244
0.36,0.4,0.2537,222
0.38,0.4,0.1642,196
0.38,0.4,0.2836,231
0.36,0.43,0.2836,360
0.34,0.46,0.2239,638
0.26,0.6,0.1642,363
0.3,0.49,0.19399999999999998,230
0.32,0.45,0.1343,216
0.32,0.45,0.1343,248
0.34,0.46,0.1343,278
0.36,0.4,0.1045,240
0.34,0.46,0.2537,272
0.34,0.46,0.1642,402
0.32,0.53,0.2239,627
0.26,0.6,0.2836,368
0.28,0.56,0.2985,178
0.32,0.51,0.3582,147
0.32,0.53,0.2836,212
0.32,0.53,0.2537,181
0.32,0.53,0.3582,161
0.32,0.53,0.2985,198
0.32,0.53,0.3582,273
0.32,0.53,0.3881,517
0.32,0.31,0.3582,275
0.32,0.31,0.3284,161
0.36,0.29,0.3881,171
0.4,0.24,0.4925,235
0.44,0.18,0.4179,228
0.44,0.18,0.4179,182
0.44,0.18,0.4179,233
0.42,0.16,0.3881,339
0.4,0.2,0.2985,592
0.34,0.53,0.4179,327
0.36,0.5,0.3284,197
0.4,0.47,0.2985,251
0.44,0.41,0.3284,262
0.46,0.38,0.2985,299
0.46,0.38,0.19399999999999998,274
0.46,0.36,0.2239,356
0.46,0.38,0.1642,434
0.42,0.44,0.1343,654
0.32,0.81,0.3284,110
0.3,0.75,0.3881,94
0.32,0.7,0.2537,155
0.34,0.61,0.2836,196
0.34,0.53,0.2537,218
0.38,0.46,0.3881,203
0.4,0.4,0.2985,217
0.38,0.4,0.2985,310
0.34,0.49,0.3582,608
0.3,0.52,0.3881,332
0.32,0.45,0.3582,171
0.32,0.49,0.2537,151
0.34,0.46,0.0,240
0.36,0.43,0.2537,214
0.36,0.43,0.1343,181
0.36,0.43,0.2836,260
0.34,0.46,0.1045,321
0.32,0.49,0.19399999999999998,583
0.32,0.61,0.19399999999999998,323
0.32,0.66,0.1343,153
0.34,0.61,0.1343,166
0.36,0.62,0.1045,213
0.38,0.54,0.1045,217
0.38,0.54,0.1642,201
0.38,0.58,0.1642,217
0.36,0.57,0.19399999999999998,342
0.36,0.57,0.2239,563
0.34,0.53,0.1045,351
0.34,0.53,0.19399999999999998,198
0.38,0.43,0.2239,218
0.4,0.43,0.2836,290
0.42,0.38,0.19399999999999998,278
0.42,0.35,0.1045,251
0.42,0.38,0.1343,267
0.42,0.35,0.2836,383
0.36,0.46,0.19399999999999998,580
0.36,0.66,0.2537,278
0.36,0.66,0.2537,139
0.38,0.66,0.2537,197
0.4,0.62,0.2836,242
0.44,0.54,0.2537,251
0.44,0.54,0.2537,217
0.44,0.54,0.19399999999999998,257
0.42,0.58,0.2537,380
0.42,0.58,0.19399999999999998,619
0.36,0.71,0.0,326
0.4,0.66,0.0896,176
0.42,0.67,0.0896,205
0.42,0.67,0.0,313
0.44,0.58,0.0,267
0.44,0.58,0.1045,224
0.46,0.55,0.1045,287
0.42,0.62,0.0896,395
0.4,0.71,0.1642,590
0.32,0.76,0.0896,365
0.36,0.62,0.0,172
0.4,0.5,0.19399999999999998,241
0.44,0.41,0.19399999999999998,344
0.44,0.35,0.2239,365
0.46,0.33,0.19399999999999998,413
0.46,0.36,0.0896,449
0.44,0.33,0.1343,469
0.4,0.4,0.1642,374
0.28,0.75,0.1045,112
0.34,0.61,0.1642,201
0.4,0.5,0.19399999999999998,251
0.44,0.38,0.2537,379
0.46,0.38,0.2836,424
0.5,0.36,0.2537,435
0.48,0.41,0.2537,447
0.48,0.41,0.1045,357
0.48,0.39,0.0896,300
0.28,0.56,0.0896,286
0.32,0.49,0.0,147
0.4,0.37,0.2985,130
0.42,0.35,0.1045,210
0.42,0.35,0.1045,217
0.42,0.35,0.0,228
0.42,0.35,0.0896,230
0.44,0.3,0.0,346
0.42,0.32,0.0,553
0.32,0.81,0.1343,268
0.32,0.81,0.19399999999999998,57
0.3,0.87,0.2985,65
0.28,0.87,0.3881,76
0.28,0.87,0.2537,77
0.28,0.87,0.3582,94
0.3,0.75,0.2985,155
0.3,0.75,0.2985,257
0.3,0.75,0.3881,527
0.28,0.52,0.19399999999999998,322
0.3,0.49,0.1045,161
0.32,0.45,0.1642,146
0.34,0.42,0.3881,208
0.34,0.42,0.19399999999999998,214
0.36,0.4,0.2985,176
0.36,0.32,0.3284,179
0.36,0.29,0.2537,325
0.34,0.31,0.1343,563
0.24,0.6,0.0,299
0.28,0.65,0.0896,178
0.36,0.37,0.2239,163
0.36,0.4,0.1642,236
0.38,0.32,0.1343,224
0.36,0.43,0.2239,187
0.36,0.43,0.2836,220
0.36,0.4,0.2239,370
0.34,0.39,0.19399999999999998,561
0.24,0.75,0.0896,330
0.3,0.65,0.0,169
0.34,0.53,0.0896,201
0.38,0.46,0.0,268
0.4,0.4,0.1642,262
0.4,0.4,0.1045,251
0.42,0.38,0.1045,296
0.4,0.43,0.1343,405
0.36,0.5,0.19399999999999998,582
0.4,0.87,0.0896,308
0.44,0.77,0.1343,136
0.48,0.77,0.1343,233
0.52,0.68,0.1642,268
0.58,0.56,0.0896,321
0.6,0.53,0.0,260
0.6,0.56,0.0,268
0.6,0.53,0.1343,442
0.52,0.63,0.1045,708
0.46,0.82,0.1045,336
0.46,0.82,0.19399999999999998,156
0.48,0.77,0.19399999999999998,207
0.52,0.68,0.19399999999999998,312
0.54,0.64,0.1642,272
0.58,0.56,0.2239,270
0.6,0.49,0.2537,300
0.58,0.49,0.2836,435
0.52,0.59,0.2239,743
0.44,0.51,0.2239,388
0.44,0.47,0.3582,141
0.44,0.44,0.2836,172
0.44,0.41,0.2836,232
0.46,0.41,0.2836,214
0.48,0.33,0.4925,218
0.48,0.33,0.2836,285
0.46,0.33,0.2836,377
0.44,0.35,0.2836,605
0.24,0.48,0.19399999999999998,276
0.24,0.52,0.19399999999999998,145
0.26,0.48,0.1642,178
0.28,0.41,0.0,235
0.3,0.39,0.0,245
0.3,0.42,0.0896,212
0.32,0.39,0.0,270
0.32,0.42,0.0,331
0.3,0.45,0.1045,617
0.3,0.81,0.1343,301
0.32,0.76,0.1642,166
0.32,0.76,0.19399999999999998,203
0.34,0.71,0.19399999999999998,240
0.36,0.66,0.1343,220
0.36,0.71,0.1642,215
0.36,0.71,0.1642,303
0.36,0.76,0.1343,375
0.38,0.66,0.0,568
0.42,1.0,0.2239,284
0.44,0.94,0.2239,133
0.46,0.94,0.2239,134
0.44,1.0,0.2239,173
0.44,1.0,0.2239,220
0.5,0.94,0.2239,210
0.5,0.87,0.1642,236
0.5,0.88,0.1045,345
0.48,0.82,0.2836,616
0.34,0.61,0.3881,334
0.36,0.57,0.3284,154
0.36,0.53,0.3582,173
0.36,0.53,0.4478,226
0.38,0.5,0.2239,254
0.38,0.5,0.2239,204
0.38,0.5,0.2239,270
0.38,0.5,0.2239,358
0.32,0.53,0.2239,601
0.28,0.61,0.1343,285
0.3,0.56,0.1642,136
0.32,0.49,0.2239,172
0.34,0.42,0.0,232
0.34,0.42,0.0,238
0.34,0.46,0.0,225
0.34,0.46,0.1045,228
0.34,0.46,0.1343,329
0.32,0.53,0.2239,561
0.28,0.52,0.2537,325
0.32,0.45,0.2836,167
0.34,0.42,0.2537,189
0.36,0.4,0.2537,282
0.36,0.34,0.19399999999999998,271
0.36,0.34,0.1642,242
0.36,0.34,0.1343,280
0.34,0.39,0.1045,406
0.32,0.42,0.1045,550
0.24,0.75,0.1343,343
0.26,0.81,0.19399999999999998,190
0.32,0.65,0.19399999999999998,211
0.36,0.5,0.19399999999999998,273
0.36,0.5,0.2239,313
0.4,0.43,0.19399999999999998,299
0.4,0.47,0.1642,309
0.38,0.54,0.19399999999999998,417
0.34,0.57,0.1642,622
0.4,0.87,0.0,282
0.38,0.87,0.0896,135
0.4,0.87,0.0896,170
0.4,0.87,0.0,232
0.4,0.87,0.1343,210
0.4,0.87,0.0896,181
0.42,0.88,0.0,211
0.4,0.94,0.2537,302
0.4,0.94,0.2537,495
0.4,0.87,0.0896,326
0.44,0.77,0.0896,184
0.48,0.63,0.2239,269
0.48,0.48,0.2537,313
0.5,0.42,0.2836,286
0.46,0.47,0.4478,247
0.46,0.44,0.4925,246
0.44,0.41,0.4627,363
0.4,0.47,0.4478,572
0.28,0.75,0.1045,317
0.32,0.7,0.1045,164
0.4,0.54,0.2239,200
0.4,0.54,0.2836,236
0.42,0.5,0.19399999999999998,213
0.42,0.5,0.19399999999999998,218
0.42,0.5,0.2836,237
0.42,0.5,0.3582,334
0.4,0.5,0.3881,562
0.3,0.7,0.0,317
0.32,0.66,0.0,161
0.34,0.57,0.2239,190
0.36,0.53,0.1642,212
0.36,0.57,0.19399999999999998,217
0.36,0.53,0.19399999999999998,214
0.34,0.57,0.19399999999999998,249
0.34,0.53,0.3284,302
0.34,0.66,0.19399999999999998,475
0.32,0.45,0.5522,267
0.32,0.42,0.4627,154
0.32,0.42,0.4179,162
0.32,0.39,0.3582,224
0.32,0.39,0.4179,240
0.32,0.39,0.4478,219
0.3,0.42,0.3881,263
0.3,0.39,0.3284,281
0.26,0.56,0.3284,321
0.24,0.65,0.1045,85
0.26,0.65,0.0,103
0.26,0.6,0.1642,124
0.28,0.56,0.0896,135
0.24,0.81,0.1045,70
0.24,0.87,0.1045,46
0.24,0.87,0.2239,33
0.24,0.87,0.2239,33
0.24,0.93,0.1642,26
0.2,0.86,0.3284,23
0.2,0.86,0.2985,8
0.2,0.86,0.4627,10
0.22,0.87,0.3284,10
0.22,0.87,0.3284,15
0.22,0.93,0.2537,20
0.26,0.87,0.3582,13
0.26,0.87,0.3582,13
0.26,0.93,0.3582,53
0.26,0.6,0.4925,133
0.28,0.56,0.5224,75
0.28,0.56,0.4478,103
0.3,0.49,0.4627,109
0.3,0.49,0.4627,118
0.26,0.56,0.5224,119
0.26,0.56,0.4478,120
0.26,0.52,0.2836,174
0.26,0.52,0.2836,257
0.24,0.6,0.2836,191
0.26,0.56,0.2537,162
0.28,0.52,0.2239,178
0.3,0.49,0.1343,222
0.3,0.49,0.1343,222
0.3,0.49,0.1343,261
0.3,0.49,0.0,225
0.3,0.49,0.1343,250
0.24,0.6,0.1343,271
0.18,0.64,0.1045,157
0.2,0.69,0.1343,120
0.22,0.6,0.19399999999999998,157
0.24,0.56,0.19399999999999998,224
0.26,0.44,0.1642,203
0.28,0.45,0.2239,247
0.28,0.45,0.1343,315
0.26,0.48,0.19399999999999998,214
0.26,0.48,0.0896,164
